表示順位,管理番号,検索キー,所属,府県,1次細分,旧2次細分,市町村,区分,標高,情報発表名,観測所名,読み,注意報期間,注意報基準,警報期間,警報基準,短時間期間,短時間基準,記録雪期間,記録雪基準,積雪厳重,積雪特警,JMA番号,気温JMA番号,緯度,経度
必須：とりあえず表示順に連番としておくと行の順序を変えて編集した後にすぐ戻せて便利,任意：使ってない,必須：ダウンロード・デコード・URL生成の際に観測所を特定するために使用する文字列。複数の値が必要な場合はコロン区切りなどで,必須：気象庁=1、河川=2、道路=3、自治体=10（obsmasterルールに従う）。青森原子力は100を割り当て,必須：都道府県抜きの府県名,任意：使ってない,任意：使ってない,必須：ページに表示される市町村名,必須：「平」「山」始まりの文字列の場合は情報掲載対象として扱い、濃く着色する。それ以外で「m未満」「平」「m以上」「山」を含むときは薄く着色する,任意：ページに表示される標高,必須：表示される観測所名もしくは情報発表名。この列の値を基にシート間の行整合を行うため重複は許されない,任意：ページ上で観測所名を情報発表名に併記する必要がある場合に記載,必須：情報発表名ソートに必要,任意：「A時間でBcm」のAの値。報知・表示して欲しい場合のみ記載,任意：「A時間でBcm」のBの値。報知・表示して欲しい場合のみ記載,任意：同左,任意：同左,任意：同左,任意：同左,任意：同左,任意：同左,任意：厳重警戒の閾値となる積雪深,任意：特別警報の閾値となる50年に一度の積雪深,必須：積雪観測所がobsmasterに記載されている場合、所属番号+府県番号+観測所番号の文法で記述。BUFR等で値を取得する際に地点特定材料となる。記載されていない場合は空欄,必須：気温観測所について同左,必須：観測所の緯度,必須：観測所の経度
1,30062,片貝,3,新潟,下越,岩船地域,関川村,200m未満,60,片貝(道),,ｶﾀｶｲ,,,,,,,,,,,354009,,38.067662,139.600356
2,30063,金丸,3,新潟,下越,岩船地域,関川村,200m未満,100,金丸(道),,ｶﾅﾏﾙ,,,,,,,,,,,354010,,38.06134,139.670529
3,30061,関川,3,新潟,下越,岩船地域,関川村,200m未満,40,関川(道),,ｾｷｶﾜ,,,,,,,,,,,354005,,38.079088,139.580028
4,1,54191,1,新潟,下越,岩船地域,関川村,山沿い,30,関川村下関,下関,ｾｷｶﾜﾑﾗｼﾓｾﾞｷ(ｼﾓｾﾞｷ),,,12,55,12,65,6,45,130,203,154905,154191,38.0925,139.563889
5,54004,6,10,新潟,下越,岩船地域,村上市,200m未満,150,大栗田(県),,ｵｵｸﾘﾀ,,,,,,,,,,,1054005,,38.180684,139.601894
6,30064,春木山,3,新潟,下越,岩船地域,村上市,200m未満,20,春木山(道),,ﾊﾙｷﾔﾏ,,,,,,,,,,,,,38.107631,139.465164
7,54002,4,10,新潟,下越,岩船地域,村上市,200m未満,40,桃川(県),,ﾓﾓｶﾜ,,,,,,,,,,,,,38.161913,139.507669
8,54000,1,10,新潟,下越,岩船地域,村上市,200m未満,10,村上(県),,ﾑﾗｶﾐ,,,,,,,,,,,,,38.219479,139.468447
9,30163,村上,3,新潟,下越,岩船地域,村上市,200m未満,10,村上(道),,ﾑﾗｶﾐ,,,,,,,,,,,354017,,38.224622,139.492593
10,30168,仲間,3,新潟,下越,岩船地域,村上市,200m未満,30,仲間(道),,ﾁｭｳｹﾞﾝ,,,,,,,,,,,,,38.217465,139.498342
11,54003,5,10,新潟,下越,岩船地域,村上市,200m未満,60,北大平(県),,ｷﾀｵｵﾀﾞｲﾗ,,,,,,,,,,,,,38.322227,139.586417
12,30167,大須戸,3,新潟,下越,岩船地域,村上市,200m未満,110,大須戸(道),,ｵｵｽﾄﾞ,,,,,,,,,,,,,38.360411,139.551945
13,30164,蒲萄,3,新潟,下越,岩船地域,村上市,200m未満,180,蒲萄(道),,ﾌﾞﾄﾞｳ,,,,,,,,,,,354001,,38.384713,139.554386
14,30165,大沢,3,新潟,下越,岩船地域,村上市,200m未満,130,大沢(道),,ｵｵｻﾜ,,,,,,,,,,,354002,,38.421829,139.567507
15,30166,下大鳥,3,新潟,下越,岩船地域,村上市,200m未満,40,下大鳥(道),,ｼﾓｵｵﾄﾘ,,,,,,,,,,,354003,,38.470195,139.554605
16,54001,2,10,新潟,下越,岩船地域,村上市,200m以上,210,山北(県),,ｻﾝﾎﾟｸ,,,,,,,,,,,1054002,,38.498566,139.673197
17,30003,加治,3,新潟,下越,新発田地域,新発田市,200m未満,10,加治(道),,ｶｼﾞ,,,,,,,,,,,,,38.001937,139.371943
18,30002,新発田,3,新潟,下越,新発田地域,新発田市,200m未満,10,新発田(道),,ｼﾊﾞﾀ,,,,,,,,,,,354016,,37.959302,139.35186
19,54005,12,10,新潟,下越,新発田地域,新発田市,200m未満,10,新発田(県),,ｼﾊﾞﾀ,,,,,,,,,,,,,37.938117,139.338828
20,54007,18,10,新潟,下越,新発田地域,胎内市,200m未満,100,坂井(県),,ｻｶｲ,,,,,,,,,,,,,38.034144,139.469801
21,30060,赤岩,3,新潟,下越,五泉地域,阿賀町,200m未満,70,赤岩(道),,ｱｶｲﾜ,,,,,,,,,,,,,37.683015,139.420681
22,54009,35,10,新潟,下越,五泉地域,阿賀町,200m未満,150,網木(県),,ﾂﾅｷﾞ,,,,,,,,,,,,,37.788848,139.414462
23,30056,栄山,3,新潟,下越,五泉地域,阿賀町,200m以上,230,栄山(道),,ｻｶｴﾔﾏ,,,,,,,,,,,354020,,37.66366,139.530859
24,30057,津川,3,新潟,下越,五泉地域,阿賀町,200m未満,100,津川(道),,ﾂｶﾞﾜ,,,,,,,,,,,354021,,37.656515,139.49125
25,30055,福取,3,新潟,下越,五泉地域,阿賀町,200m以上,320,福取(道),,ﾌｸﾄﾘ,,,,,,,,,,,354004,,37.657943,139.558187
26,54011,37,10,新潟,下越,五泉地域,阿賀町,200m以上,220,丸淵(県),,ﾏﾙﾌﾞﾁ,,,,,,,,,,,,,37.566389,139.527222
27,54010,36,10,新潟,下越,五泉地域,阿賀町,200m以上,210,室谷(県),,ﾑﾛﾔ,,,,,,,,,,,,,37.574763,139.390039
28,4,54421,1,新潟,下越,五泉地域,阿賀町,山沿い,100,阿賀町津川,津川,ｱｶﾞﾏﾁﾂｶﾞﾜ(ﾂｶﾞﾜ),,,12,55,12,65,6,45,170,243,154915,154421,37.672778,139.4475
29,54008,28,10,新潟,下越,五泉地域,五泉市,200m未満,80,田川内(県),,ﾀｺｳﾁﾞ,,,,,,,,,,,,,37.665059,139.260689
30,30059,水原,3,新潟,下越,新潟地域,阿賀野市,200m未満,10,水原(道),,ｽｲﾊﾞﾗ,,,,,,,,,,,354019,,37.842589,139.220804
31,54006,17,10,新潟,下越,新潟地域,阿賀野市,200m未満,70,村杉(県),,ﾑﾗｽｷﾞ,,,,,,,,,,,,,37.803599,139.28985
32,30058,安田,3,新潟,下越,新潟地域,阿賀野市,200m未満,20,安田(道),,ﾔｽﾀﾞ,,,,,,,,,,,354023,,37.750358,139.251242
33,30065,分水,3,新潟,下越,新潟地域,燕市,200m未満,10,分水(道),,ﾌﾞﾝｽｲ,,,,,,,,,,,354012,,37.621771,138.847442
34,30067,吉田,3,新潟,下越,新潟地域,燕市,200m未満,10,吉田(道),,ﾖｼﾀﾞ,,,,,,,,,,,354056,,37.690128,138.885606
35,30004,黒埼,3,新潟,下越,新潟地域,新潟市,200m未満,0,黒埼(道),,ｸﾛｻｷ,,,,,,,,,,,354018,,37.854804,139.017496
36,30006,白根,3,新潟,下越,新潟地域,新潟市,200m未満,0,白根(道),,ｼﾛﾈ,,,,,,,,,,,,,37.78746,139.0203
37,30001,豊栄,3,新潟,下越,新潟地域,新潟市,200m未満,0,豊栄(道),,ﾄﾖｻｶ,,,,,,,,,,,,,37.95826,139.222626
38,30000,新潟,3,新潟,下越,新潟地域,新潟市,200m未満,0,新潟(道),,ﾆｲｶﾞﾀ,,,,,,,,,,,354015,,37.903002,139.075035
39,54012,43,10,新潟,下越,新潟地域,新潟市,200m未満,0,新潟(県),,ﾆｲｶﾞﾀ,,,,,,,,,,,,,37.892244,139.04997
40,30066,巻,3,新潟,下越,新潟地域,新潟市,200m未満,0,巻(道),,ﾏｷ,,,,,,,,,,,354055,,37.772462,138.901595
41,2,54232,1,新潟,下越,新潟地域,新潟市,平地,0,新潟,,ﾆｲｶﾞﾀ,,,6,30,6,35,3,25,40,101,154907,154232,37.893611,139.018889
42,3,54296,1,新潟,下越,新潟地域,新潟市,平地,0,新潟市新津,新津,ﾆｲｶﾞﾀｼﾆｲﾂ(ﾆｲﾂ),,,6,30,6,35,3,25,70,150,154910,154296,37.7925,139.0875
43,30013,猪子場,3,新潟,中越,三条地域,三条市,200m未満,10,猪子場(道),,ｲﾉｺﾊﾞ,,,,,,,,,,,,,37.607718,138.92574
44,54015,60,10,新潟,中越,三条地域,三条市,200m未満,70,上谷地(県),,ｶﾐﾔﾁ,,,,,,,,,,,,,37.577132,139.083907
45,30005,三条,3,新潟,中越,三条地域,三条市,200m未満,10,三条(道),,ｻﾝｼﾞｮｳ,,,,,,,,,,,354011,,37.648544,138.94573
46,54013,57,10,新潟,中越,三条地域,三条市,平地,10,三条市興野(県),三条,ｻﾝｼﾞｮｳｼｺｳﾔ(ｻﾝｼﾞｮｳ),,,6,35,6,40,3,25,90,,,,37.635934,138.973475
47,54014,59,10,新潟,中越,三条地域,三条市,200m未満,110,下田(県),,ｼﾀﾀﾞ,,,,,,,,,,,,,37.522764,139.13838
48,30068,出雲崎,3,新潟,中越,長岡地域,出雲崎町,200m未満,50,出雲崎(道),,ｲｽﾞﾓｻﾞｷ,,,,,,,,,,,354034,,37.513197,138.703601
49,30038,小千谷,3,新潟,中越,長岡地域,小千谷市,200m未満,70,小千谷(道),,ｵﾁﾞﾔ,,,,,,,,,,,354032,,37.322228,138.820392
50,54019,72,10,新潟,中越,長岡地域,小千谷市,200m未満,60,小千谷(県),,ｵﾁﾞﾔ,,,,,,,,,,,,,37.321544,138.791077
51,30047,木津,3,新潟,中越,長岡地域,小千谷市,200m未満,100,木津(道),,ｷﾂﾞ,,,,,,,,,,,,,37.300444,138.824616
52,30046,三仏生,3,新潟,中越,長岡地域,小千谷市,200m未満,50,三仏生(道),,ｻﾝﾌﾞｼｮｳ,,,,,,,,,,,,,37.342884,138.816821
53,30037,坂塚,3,新潟,中越,長岡地域,長岡市,200m未満,120,坂塚(道),,ｻｶﾂﾞｶ,,,,,,,,,,,354039,,37.281208,138.851709
54,30069,島崎,3,新潟,中越,長岡地域,長岡市,200m未満,20,島崎(道),,ｼﾏｻﾞｷ,,,,,,,,,,,354057,,37.591869,138.769522
55,54017,68,10,新潟,中越,長岡地域,長岡市,200m以上,320,栃尾(県),,ﾄﾁｵ,,,,,,,,,,,,,37.405379,139.009478
56,30039,長岡,3,新潟,中越,長岡地域,長岡市,200m未満,20,長岡(道),,ﾅｶﾞｵｶ,,,,,,,,,,,354033,,37.450066,138.875775
57,54016,66,10,新潟,中越,長岡地域,長岡市,200m未満,30,長岡(県),,ﾅｶﾞｵｶ,,,,,,,,,,,,,37.435527,138.866285
58,30007,中之島,3,新潟,中越,長岡地域,長岡市,200m未満,20,中之島(道),,ﾅｶﾉｼﾏ,,,,,,,,,,,354024,,37.523986,138.877032
59,30008,宮本,3,新潟,中越,長岡地域,長岡市,200m未満,60,宮本(道),,ﾐﾔﾓﾄ,,,,,,,,,,,,,37.449777,138.75279
60,54018,69,10,新潟,中越,長岡地域,長岡市,200m以上,200,山古志(県),,ﾔﾏｺｼ,,,,,,,,,,,,,37.321925,138.880323
61,54020,78,10,新潟,中越,長岡地域,長岡市,200m未満,20,与板(県),,ﾖｲﾀ,,,,,,,,,,,,,37.533488,138.821367
62,5,54501,1,新潟,中越,長岡地域,長岡市,平地,20,長岡,,ﾅｶﾞｵｶ,,,6,35,6,40,3,25,140,241,154920,154501,37.451389,138.823611
63,30015,坂井,3,新潟,中越,長岡地域,見附市,200m未満,10,坂井(道),,ｻｶｲ,,,,,,,,,,,,,37.569697,138.895131
64,30014,五十土,3,新潟,中越,柏崎地域,柏崎市,200m未満,80,五十土(道),,ｲｶﾂﾞﾁ,,,,,,,,,,,,,37.407358,138.686723
65,54044,134,10,新潟,中越,柏崎地域,柏崎市,200m以上,220,石黒(県),,ｲｼｸﾞﾛ,,,,,,,,,,,,,37.192497,138.563885
66,30010,柏崎,3,新潟,中越,柏崎地域,柏崎市,200m未満,10,柏崎(道),,ｶｼﾜｻﾞｷ,,,,,,,,,,,354026,,37.368017,138.57408
67,30012,小清水,3,新潟,中越,柏崎地域,柏崎市,200m未満,10,小清水(道),,ｺｼﾐｽﾞ,,,,,,,,,,,354042,,37.306082,138.419068
68,54043,133,10,新潟,中越,柏崎地域,柏崎市,200m未満,110,高柳(県),,ﾀｶﾔﾅｷﾞ,,,,,,,,,,,,,37.211704,138.666295
69,54045,135,10,新潟,中越,柏崎地域,柏崎市,200m未満,60,武石(県),,ﾀｹｲｼ,,,,,,,,,,,,,37.340374,138.660995
70,30011,米山,3,新潟,中越,柏崎地域,柏崎市,200m未満,40,米山(道),,ﾖﾈﾔﾏ,,,,,,,,,,,354027,,37.349667,138.492156
71,6,54541,1,新潟,中越,柏崎地域,柏崎市,平地,0,柏崎,,ｶｼﾜｻﾞｷ,,,6,35,6,40,3,25,70,160,154925,154541,37.352778,138.554444
72,30009,赤田,3,新潟,中越,柏崎地域,刈羽村,200m未満,130,赤田(道),,ｱｶﾀﾞ,,,,,,,,,,,354025,,37.410183,138.665067
73,54021,88,10,新潟,中越,魚沼市,魚沼市,200m以上,270,入広瀬(県),,ｲﾘﾋﾛｾ,,,,,,,,,,,,,37.339682,139.101229
74,54023,90,10,新潟,中越,魚沼市,魚沼市,200m以上,260,大湯(県),,ｵｵﾕ,,,,,,,,,,,,,37.205224,139.072095
75,54022,89,10,新潟,中越,魚沼市,魚沼市,200m以上,230,上稲倉(県),,ｶﾐｲﾅｸﾗ,,,,,,,,,,,,,37.183593,138.853688
76,54025,92,10,新潟,中越,魚沼市,魚沼市,品質不良,760,銀山平(県),,ｷﾞﾝｻﾞﾝﾀﾞｲﾗ,,,,,,,,,,,1054073,,37.135844,139.161502
77,30035,小出,3,新潟,中越,魚沼市,魚沼市,200m未満,100,小出(道),,ｺｲﾃﾞ,,,,,,,,,,,354031,,37.230079,138.968402
78,30036,堀之内,3,新潟,中越,魚沼市,魚沼市,200m未満,80,堀之内(道),,ﾎﾘﾉｳﾁ,,,,,,,,,,,,,37.259955,138.89039
79,54024,91,10,新潟,中越,魚沼市,魚沼市,品質不良,740,六十里(県),,ﾛｸｼﾞｭｳﾘ,,,,,,,,,,,1054076,,37.302228,139.210289
80,7,54566,1,新潟,中越,魚沼市,魚沼市,山沿い,220,魚沼市守門,守門,ｳｵﾇﾏｼｽﾓﾝ(ｽﾓﾝ),,,12,60,12,70,6,45,350,492,154930,154566,37.347778,139.043611
81,8,54616,1,新潟,中越,魚沼市,魚沼市,山沿い,100,魚沼市小出,小出,ｳｵﾇﾏｼｺｲﾃﾞ(ｺｲﾃﾞ),,,12,60,12,70,6,45,300,430,154935,154616,37.226667,138.963889
82,54042,125,10,新潟,中越,南魚沼地域,南魚沼市,200m以上,450,上野(県),,ｳﾜﾉ,,,,,,,,,,,1054089,,36.984289,138.781381
83,54040,122,10,新潟,中越,南魚沼地域,南魚沼市,200m以上,500,小栗山(県),,ｺｸﾞﾘﾔﾏ,,,,,,,,,,,1054088,,37.08165,138.837259
84,30032,塩沢,3,新潟,中越,南魚沼地域,南魚沼市,200m以上,250,塩沢(道),,ｼｵｻﾞﾜ,,,,,,,,,,,,,36.985354,138.808304
85,54038,120,10,新潟,中越,南魚沼地域,南魚沼市,200m以上,580,清水(県),,ｼﾐｽﾞ,,,,,,,,,,,,,36.953531,138.92109
86,30045,関山:国道17号,3,新潟,中越,南魚沼地域,南魚沼市,200m以上,330,R17関山(道),,ｾｷﾔﾏ,,,,,,,,,,,354038,,36.966257,138.801762
87,54039,121,10,新潟,中越,南魚沼地域,南魚沼市,200m以上,310,野中(県),,ﾉﾅｶ,,,,,,,,,,,,,37.05486,138.991416
88,54041,124,10,新潟,中越,南魚沼地域,南魚沼市,200m以上,300,一村尾(県),,ﾋﾄﾑﾗｵ,,,,,,,,,,,1054087,,37.152873,138.890236
89,54037,116,10,新潟,中越,南魚沼地域,南魚沼市,山沿い,170,南魚沼市六日町(県),六日町,ﾐﾅﾐｳｵﾇﾏｼﾑｲｶﾏﾁ(ﾑｲｶﾏﾁ),,,12,60,12,70,6,45,270,,,,37.056066,138.870492
90,30033,六日町跨線橋,3,新潟,中越,南魚沼地域,南魚沼市,200m未満,170,六日町(道),,ﾑｲｶﾏﾁ,,,,,,,,,,,354030,,37.074554,138.882576
91,30034,大和,3,新潟,中越,南魚沼地域,南魚沼市,200m未満,120,大和(道),,ﾔﾏﾄ,,,,,,,,,,,,,37.174863,138.923804
92,30028,浅貝,3,新潟,中越,南魚沼地域,湯沢町,200m以上,1000,浅貝(道),,ｱｻｶｲ,,,,,,,,,,,354028,,36.779943,138.807773
93,30044,萱付,3,新潟,中越,南魚沼地域,湯沢町,品質不良,790,萱付(道),,ｶﾔﾂｷ,,,,,,,,,,,,,36.864403,138.775385
94,30042,神立,3,新潟,中越,南魚沼地域,湯沢町,200m以上,400,神立(道),,ｶﾝﾀﾞﾂ,,,,,,,,,,,,,36.920539,138.821939
95,30043,芝原,3,新潟,中越,南魚沼地域,湯沢町,200m以上,620,芝原(道),,ｼﾊﾞﾊﾗ,,,,,,,,,,,354037,,36.913968,138.796925
96,30041,七谷切,3,新潟,中越,南魚沼地域,湯沢町,200m以上,480,七谷切(道),,ﾅﾅﾀｷﾞﾘ,,,,,,,,,,,,,36.920808,138.808684
97,30040,火打,3,新潟,中越,南魚沼地域,湯沢町,200m以上,960,火打(道),,ﾋｳﾁ,,,,,,,,,,,354035,,36.806544,138.785039
98,30029,二居,3,新潟,中越,南魚沼地域,湯沢町,200m以上,830,二居(道),,ﾌﾀｲ,,,,,,,,,,,,,36.839077,138.779398
99,30030,三俣,3,新潟,中越,南魚沼地域,湯沢町,200m以上,630,三俣(道),,ﾐﾂﾏﾀ,,,,,,,,,,,,,36.891952,138.775905
100,30031,湯沢,3,新潟,中越,南魚沼地域,湯沢町,200m以上,330,湯沢(道),,ﾕｻﾞﾜ,,,,,,,,,,,354029,,36.94203,138.810872
101,15,54841,1,新潟,中越,南魚沼地域,湯沢町,山沿い,330,湯沢,,ﾕｻﾞﾜ,,,12,60,12,70,6,45,280,389,154960,154841,36.941944,138.810833
102,54030,104,10,新潟,中越,十日町地域,津南町,200m以上,720,前倉(県),,ﾏｴｸﾞﾗ,,,,,,,,,,,1054080,,36.899955,138.629213
103,54027,101,10,新潟,中越,十日町地域,津南町,200m以上,250,宮野原(県),,ﾐﾔﾉﾊﾗ,,,,,,,,,,,,,36.995128,138.597119
104,14,54836,1,新潟,中越,十日町地域,津南町,山沿い,450,津南,,ﾂﾅﾝ,,,12,60,12,70,6,45,350,477,154965,154836,36.998056,138.683889
105,54035,109,10,新潟,中越,十日町地域,十日町市,200m以上,490,天水越(県),,ｱﾏﾐｽﾞｺｼ,,,,,,,,,,,1054102,,37.053836,138.587467
106,54031,105,10,新潟,中越,十日町地域,十日町市,200m以上,220,芋沢(県),,ｲﾓｻﾞﾜ,,,,,,,,,,,1054084,,37.062181,138.709052
107,54036,110,10,新潟,中越,十日町地域,十日町市,200m以上,320,儀明(県),,ｷﾞﾐｮｳ,,,,,,,,,,,,,37.137443,138.558851
108,54029,103,10,新潟,中越,十日町地域,十日町市,200m以上,530,十二峠(県),,ｼﾞｭｳﾆﾄｳｹﾞ,,,,,,,,,,,1054082,,36.987701,138.762264
109,54026,98,10,新潟,中越,十日町地域,十日町市,200m未満,140,十日町(県),,ﾄｵｶﾏﾁ,,,,,,,,,,,,,37.128191,138.746129
110,54028,102,10,新潟,中越,十日町地域,十日町市,200m以上,390,八箇峠(県),,ﾊｯｶﾄｳｹﾞ,,,,,,,,,,,1054081,,37.082991,138.80762
111,54032,106,10,新潟,中越,十日町地域,十日町市,200m以上,210,松代(県),,ﾏﾂﾀﾞｲ,,,,,,,,,,,1054101,,37.131354,138.608838
112,11,54676,1,新潟,中越,十日町地域,十日町市,山沿い,190,十日町,,ﾄｵｶﾏﾁ,,,12,60,12,70,6,45,310,444,154945,154676,37.143333,138.727778
113,54033,107,10,新潟,中越,十日町地域,十日町市,200m以上,300,上鰕池(県),,ｶﾐｴﾋﾞｲｹ,,,,,,,,,,,,,37.068053,138.644341
114,54034,108,10,新潟,中越,十日町地域,十日町市,200m以上,200,苧島(県),,ｵﾉｼﾏ,,,,,,,,,,,,,37.139485,138.656589
115,30017,大潟,3,新潟,上越,上越市,上越市,200m未満,10,大潟(道),,ｵｵｶﾞﾀ,,,,,,,,,,,354044,,37.213932,138.308939
116,30016,柿崎,3,新潟,上越,上越市,上越市,200m未満,20,柿崎(道),,ｶｷｻﾞｷ,,,,,,,,,,,354043,,37.278235,138.396949
117,54048,153,10,新潟,上越,上越市,上越市,品質不良,410,上筒方(県),,ｶﾐﾄﾞｳｶﾞﾀ,,,,,,,,,,,,,37.015227,138.36185
118,30025,黒井,3,新潟,上越,上越市,上越市,200m未満,0,黒井(道),,ｸﾛｲ,,,,,,,,,,,354063,,37.189773,138.276468
119,30026,五智,3,新潟,上越,上越市,上越市,200m未満,20,五智(道),,ｺﾞﾁ,,,,,,,,,,,,,37.162826,138.215498
120,54047,148,10,新潟,上越,上越市,上越市,200m未満,10,上越(県),,ｼﾞｮｳｴﾂ,,,,,,,,,,,,,37.108946,138.260102
121,30024,上下浜,3,新潟,上越,上越市,上越市,200m未満,10,上下浜(道),,ｼﾞｮｳｹﾞﾊﾏ,,,,,,,,,,,354062,,37.248485,138.355099
122,30052,高田,3,新潟,上越,上越市,上越市,200m未満,20,高田(道),,ﾀｶﾀﾞ,,,,,,,,,,,354050,,37.097924,138.24498
123,30053,寺,3,新潟,上越,上越市,上越市,200m未満,10,寺(道),,ﾃﾗ,,,,,,,,,,,,,37.128352,138.268513
124,30018,長浜,3,新潟,上越,上越市,上越市,200m未満,10,長浜(道),,ﾅｶﾞﾊﾏ,,,,,,,,,,,354045,,37.16496,138.182978
125,30023,名立大橋,3,新潟,上越,上越市,上越市,200m未満,10,名立大橋(道),,ﾅﾀﾞﾁｵｵﾊｼ,,,,,,,,,,,354060,,37.160103,138.084594
126,54046,142,10,新潟,上越,上越市,上越市,200m以上,240,平方(県),,ﾋﾗｶﾀ,,,,,,,,,,,,,37.102124,138.400337
127,30051,藤沢,3,新潟,上越,上越市,上越市,200m以上,220,藤沢(道),,ﾌｼﾞｻﾜ,,,,,,,,,,,354049,,36.987972,138.220424
128,10,54661,1,新潟,上越,上越市,上越市,山沿い,130,上越市安塚,安塚,ｼﾞｮｳｴﾂｼﾔｽﾂﾞｶ(ﾔｽﾂﾞｶ),,,12,55,12,65,6,45,260,416,154940,154661,37.106944,138.457222
129,9,54651,1,新潟,上越,上越市,上越市,平地,10,上越市高田,高田,ｼﾞｮｳｴﾂｼﾀｶﾀﾞ(ﾀｶﾀﾞ),,,6,30,6,35,3,25,150,323,154937,154651,37.106667,138.246667
130,30054,乙吉,3,新潟,上越,妙高市,妙高市,200m未満,30,乙吉(道),,ｵﾄﾖｼ,,,,,,,,,,,,,37.051752,138.248625
131,30048,信越大橋,3,新潟,上越,妙高市,妙高市,200m以上,610,信越大橋(道),,ｼﾝｴﾂｵｵﾊｼ,,,,,,,,,,,354053,,36.857244,138.193067
132,30050,関山:国道18号,3,新潟,上越,妙高市,妙高市,200m以上,360,R18関山(道),,ｾｷﾔﾏ,,,,,,,,,,,,,36.935243,138.218015
133,54049,154,10,新潟,上越,妙高市,妙高市,200m以上,290,長沢(県),,ﾅｶﾞｻﾜ,,,,,,,,,,,1054113,,36.934164,138.29698
134,30049,妙高,3,新潟,上越,妙高市,妙高市,200m以上,480,妙高(道),,ﾐｮｳｺｳ,,,,,,,,,,,354048,,36.898125,138.209338
135,13,54816,1,新潟,上越,妙高市,妙高市,山沿い,350,妙高市関山,関山,ﾐｮｳｺｳｼｾｷﾔﾏ(ｾｷﾔﾏ),,,12,55,12,65,6,45,270,415,154955,154816,36.933333,138.2225
136,30020,糸魚川,3,新潟,上越,糸魚川市,糸魚川市,200m未満,10,糸魚川(道),,ｲﾄｲｶﾞﾜ,,,,,,,,,,,354046,,37.044742,137.851504
137,54050,160,10,新潟,上越,糸魚川市,糸魚川市,平地,10,糸魚川市南押上(県),糸魚川,ｲﾄｲｶﾞﾜｼﾐﾅﾐｵｼｱｹﾞ(ｲﾄｲｶﾞﾜ),,,6,30,6,35,3,25,80,,,,37.045426,137.879037
138,30022,親不知,3,新潟,上越,糸魚川市,糸魚川市,200m未満,20,親不知(道),,ｵﾔｼﾗｽﾞ,,,,,,,,,,,354047,,36.997552,137.710395
139,30027,田伏,3,新潟,上越,糸魚川市,糸魚川市,200m未満,20,田伏(道),,ﾀﾌﾞｾ,,,,,,,,,,,,,37.054323,137.904022
140,30021,玉ノ木,3,新潟,上越,糸魚川市,糸魚川市,200m未満,10,玉ノ木(道),,ﾀﾏﾉｷ,,,,,,,,,,,,,36.979223,137.642706
141,54052,165,10,新潟,上越,糸魚川市,糸魚川市,200m以上,200,田麦平(県),,ﾀﾑｷﾞﾀﾞｲﾗ,,,,,,,,,,,,,37.035723,138.067514
142,54053,166,10,新潟,上越,糸魚川市,糸魚川市,200m以上,210,橋立(県),,ﾊｼﾀﾞﾃ(閉局),,,,,,,,,,,1054130,,36.974418,137.760564
143,54056,169,10,新潟,上越,糸魚川市,糸魚川市,品質不良,840,火打1号ダム(県),,ﾋｳﾁｲﾁｺﾞｳﾀﾞﾑ,,,,,,,,,,,1054136,,36.975052,138.036006
144,54051,164,10,新潟,上越,糸魚川市,糸魚川市,200m以上,270,平岩(県),,ﾋﾗｲﾜ,,,,,,,,,,,1054127,,36.891614,137.860682
145,30019,藤崎,3,新潟,上越,糸魚川市,糸魚川市,200m未満,10,藤崎(道),,ﾄｳｻﾞｷ,,,,,,,,,,,354051,,37.11892,138.031734
146,54055,168,10,新潟,上越,糸魚川市,糸魚川市,200m未満,50,萬青橋(県),,ﾊﾞﾝｾｲﾊﾞｼ(閉局),,,,,,,,,,,1054135,,37.085757,138.020891
147,54054,167,10,新潟,上越,糸魚川市,糸魚川市,200m以上,420,焼山温泉(県),,ﾔｹﾔﾏｵﾝｾﾝ,,,,,,,,,,,1054134,,36.990855,138.01358
148,12,54721,1,新潟,上越,糸魚川市,糸魚川市,山沿い,60,糸魚川市能生,能生,ｲﾄｲｶﾞﾜｼﾉｳ(ﾉｳ),,,12,55,12,65,6,45,140,286,154950,154721,37.083333,138.023889
149,0,54157,1,新潟,佐渡,佐渡,佐渡市,平地,0,佐渡市相川,相川,ｻﾄﾞｼｱｲｶﾜ(ｱｲｶﾜ),,,6,30,6,35,3,25,40,54,154900,154157,38.029167,138.24
150,30073,境,3,富山,東部,東部北,朝日町,200m未満,10,境(道),,ｻｶｲ,,,,,,,,,,,,,36.976389,137.619167
151,16,55022,1,富山,東部,東部北,朝日町,平地,40,朝日,,ｱｻﾋ,,,6,25,6,30,3,20,90,135,155900,155022,36.937222,137.563889
152,55002,113,10,富山,東部,東部北,朝日町,200m未満,120,朝日町蛭谷(県),蛭谷,ｱｻﾋﾏﾁﾋﾞﾙﾀﾞﾆ(ﾋﾞﾙﾀﾞﾆ),,,,,,,,,,,,,36.905131,137.592041
153,30082,江口,3,富山,東部,東部北,魚津市,200m未満,30,江口(道),,ｴｸﾞﾁ,,,,,,,,,,,,,36.834227,137.418936
154,18,55056,1,富山,東部,東部北,魚津市,平地,50,魚津,,ｳｵﾂﾞ,,,6,25,6,30,3,20,90,168,155905,155056,36.822222,137.428889
155,55003,124,10,富山,東部,東部北,魚津市,200m未満,50,魚津(県),,ｳｵﾂﾞ(アメダス分岐),,,,,,,,,,,,,36.822222,137.428889
156,55001,112,10,富山,東部,東部北,黒部市,200m以上,200,黒部市宇奈月町内山(県),宇奈月,ｸﾛﾍﾞｼｳﾅﾂﾞｷﾏﾁｳﾁﾔﾏ(ｳﾅﾂﾞｷ),,,,,,,,,,,,,36.831719,137.563343
157,30070,黒部国道維持,3,富山,東部,東部北,黒部市,200m未満,30,黒部(道),,ｸﾛﾍﾞ,,,,,,,,,,,355001,,36.880375,137.46104
158,30074,出島,3,富山,東部,東部北,黒部市,200m未満,10,出島(道),,ﾃﾞｼﾞﾏ,,,,,,,,,,,355011,,36.898948,137.445356
159,30080,大掛,3,富山,東部,東部北,滑川市,200m未満,50,大掛(道),,ｵｵｶﾞｹ,,,,,,,,,,,,,36.77559,137.390149
160,30075,北野１,3,富山,東部,東部北,滑川市,200m未満,50,北野１(道),,ｷﾀﾉ,,,,,,,,,,,,,36.767706,137.3791
161,55004,127,10,富山,東部,東部北,滑川市,200m未満,110,滑川市大崎野(県),大崎野,ﾅﾒﾘｶﾜｼｵｵｻｷﾉ(ｵｵｻｷﾉ),,,,,,,,,,,,,36.744944,137.395701
162,30081,上野,3,富山,東部,東部北,入善町,200m未満,30,上野(道),,ｳﾜﾉ,,,,,,,,,,,,,36.926668,137.489044
163,55000,111,10,富山,東部,東部北,入善町,200m未満,20,入善町上野(県),入善,ﾆｭｳｾﾞﾝﾏﾁｳﾜﾉ(ﾆｭｳｾﾞﾝ),,,,,,,,,,,1055001,,36.935564,137.496335
164,30078,椚山,3,富山,東部,東部北,入善町,200m未満,20,椚山(道),,ｸﾇｷﾞﾔﾏ,,,,,,,,,,,,,36.938625,137.512991
165,30076,久金１,3,富山,東部,東部南,上市町,200m未満,10,久金１(道),,ﾋｻｶﾞﾈ,,,,,,,,,,,,,36.724689,137.323057
166,55006,131,10,富山,東部,東部南,立山町,200m以上,430,立山町芦峅寺(県),芦峅寺,ﾀﾃﾔﾏﾏﾁｱｼｸﾗｼﾞ(ｱｼｸﾗｼﾞ),,,,,,,,,,,,,36.583284,137.39686
167,55005,130,10,富山,東部,東部南,立山町,200m未満,70,立山町前沢(県),立山,ﾀﾃﾔﾏﾏﾁﾏｴｻﾞﾜ(ﾀﾃﾔﾏ),,,,,,,,,,,,,36.662754,137.312893
168,30084,岩稲,3,富山,東部,東部南,富山市,200m未満,140,岩稲(道),,ｲﾜｲﾈ,,,,,,,,,,,355005,,36.546319,137.227398
169,30085,大沢野,3,富山,東部,東部南,富山市,200m未満,80,大沢野(道),,ｵｵｻﾜﾉ,,,,,,,,,,,,,36.591743,137.203418
170,30083,片掛１,3,富山,東部,東部南,富山市,200m以上,230,片掛(道),,ｶﾀｶｹ,,,,,,,,,,,355004,,36.489481,137.237927
171,30071,富山国道維持,3,富山,東部,東部南,富山市,200m未満,-,富山(道),,ﾄﾔﾏ,,,,,,,,,,,355002,,36.729512,137.223956
172,30086,楡原,3,富山,東部,東部南,富山市,200m未満,160,楡原(道),,ﾆﾚﾊﾗ,,,,,,,,,,,,,36.531967,137.226259
173,55009,109,10,富山,東部,東部南,富山市,200m以上,470,富山市原(県),原,ﾄﾔﾏｼﾊﾗ(ﾊﾗ),,,,,,,,,,,,,36.574695,137.409358
174,22,55151,1,富山,東部,東部南,富山市,平地,20,富山市秋ヶ島,秋ヶ島,ﾄﾔﾏｼｱｷｶﾞｼﾏ(ｱｷｶﾞｼﾏ),,,6,30,6,35,3,25,90,,155925,155151,36.648333,137.1875
175,23,55267,1,富山,東部,東部南,富山市,山間部,210,富山市猪谷,猪谷,ﾄﾔﾏｼｲﾉﾀﾆ(ｲﾉﾀﾆ),,,12,50,12,60,6,40,160,259,155920,155267,36.473333,137.236667
176,55008,107,10,富山,東部,東部南,富山市,平地,110,富山市八尾町上田池(県),八尾,ﾄﾔﾏｼﾔﾂｵﾏﾁｶﾐﾀｲｹ(ﾔﾂｵ),,,6,30,6,35,3,25,110,,,,36.566257,137.128144
177,55010,108,10,富山,東部,東部南,富山市,200m未満,140,富山市婦中町鶚谷(県),婦中,ﾄﾔﾏｼﾌﾁｭｳﾏﾁﾐｻｺﾞﾀﾞﾆ(ﾌﾁｭｳ),,,,,,,,,,,,,36.628724,137.071229
178,20,55102,1,富山,東部,東部南,富山市,平地,10,富山,,ﾄﾔﾏ,,,6,30,6,35,3,25,90,161,155908,155102,36.709444,137.2025
179,55007,104,10,富山,東部,東部南,富山市,200m未満,10,富山市芝園町(県),富山,ﾄﾔﾏｼｼﾊﾞｿﾞﾉﾁｮｳ(ﾄﾔﾏ),,,,,,,,,,,,,36.698626,137.203061
180,30079,鏡宮,3,富山,西部,西部北,射水市,200m未満,0,鏡宮(道),,ｶｶﾞﾐﾉﾐﾔ,,,,,,,,,,,,,36.751761,137.083738
181,55015,116,10,富山,西部,西部北,射水市,200m未満,0,射水市堀岡古明神(県),新湊,ｲﾐｽﾞｼﾎﾘｵｶﾌﾙﾐｮｳｼﾞﾝ(ｼﾝﾐﾅﾄ),,,,,,,,,,,,,36.769875,137.128968
182,30072,小矢部,3,富山,西部,西部北,小矢部市,200m未満,100,小矢部(道),,ｵﾔﾍﾞ,,,,,,,,,,,355003,,36.676207,136.825295
183,30077,桜町,3,富山,西部,西部北,小矢部市,200m未満,50,桜町(道),,ｻｸﾗﾏﾁ,,,,,,,,,,,,,36.68847,136.860003
184,55014,103,10,富山,西部,西部北,小矢部市,200m未満,160,小矢部市岩尾滝(県),岩尾滝,ｵﾔﾍﾞｼｲﾜｵﾀﾞｷ(ｲﾜｵﾀﾞｷ),,,,,,,,,,,,,36.701914,136.817625
185,55012,101,10,富山,西部,西部北,小矢部市,200m未満,30,小矢部市今石動町(県),小矢部,ｵﾔﾍﾞｼｲﾏｲｽﾙｷﾞﾏﾁ(ｵﾔﾍﾞ),,,,,,,,,,,,,36.67441,136.879667
186,55013,102,10,富山,西部,西部北,小矢部市,200m未満,140,小矢部市内山(県),内山,ｵﾔﾍﾞｼｳﾁﾔﾏ(ｳﾁﾔﾏ),,,,,,,,,,,,,36.624953,136.794381
187,30093,高岡北,3,富山,西部,西部北,高岡市,200m未満,10,高岡北(道),,ﾀｶｵｶｷﾀ,,,,,,,,,,,,,36.771001,136.982096
188,30091,能越国道維持,3,富山,西部,西部北,高岡市,200m未満,10,能越(道),,ﾉｳｴﾂ,,,,,,,,,,,,,36.772745,137.001113
189,55011,115,10,富山,西部,西部北,高岡市,200m未満,10,高岡市赤祖父(県),高岡,ﾀｶｵｶｼｱｶｿﾌ(ﾀｶｵｶ),,,,,,,,,,,,,36.73388,137.022115
190,55016,119,10,富山,西部,西部北,高岡市,200m以上,350,高岡市福岡町沢川(県),沢川,ﾀｶｵｶｼﾌｸｵｶﾏﾁｿｳｺﾞｳ(ｿｳｺﾞｳ),,,,,,,,,,,,,36.772016,136.852397
191,19,55091,1,富山,西部,西部北,高岡市,平地,10,高岡市伏木,伏木,ﾀｶｵｶｼﾌｼｷ(ﾌｼｷ),,,6,30,6,35,3,25,80,159,155907,155091,36.792222,137.056111
192,30090,大境１,3,富山,西部,西部北,氷見市,200m未満,30,大境(道),,ｵｵｻﾞｶｲ,,,,,,,,,,,355009,,36.923499,137.025225
193,30094,灘浦ＩＣ,3,富山,西部,西部北,氷見市,200m未満,10,灘浦IC(道),,ﾅﾀﾞｳﾗIC,,,,,,,,,,,,,36.918005,137.004391
194,30092,氷見IC,3,富山,西部,西部北,氷見市,200m未満,10,氷見IC(道),,ﾋﾐIC,,,,,,,,,,,,,36.857384,136.957398
195,55019,160,10,富山,西部,西部北,氷見市,200m未満,150,氷見市熊無(県),熊無,ﾋﾐｼｸﾏﾅｼ(ｸﾏﾅｼ),,,,,,,,,,,,,36.884113,136.889133
196,17,55041,1,富山,西部,西部北,氷見市,平地,0,氷見,,ﾋﾐ,,,6,30,6,35,3,25,80,111,155915,155041,36.864444,136.961389
197,55017,158,10,富山,西部,西部北,氷見市,200m未満,0,氷見市朝日丘(県),氷見,ﾋﾐｼｱｻﾋｶﾞｵｶ(ﾋﾐ),,,,,,,,,,,,,36.846847,136.982819
198,55018,163,10,富山,西部,西部北,氷見市,200m未満,20,氷見市脇之谷内(県),脇之谷内,ﾋﾐｼﾜｷﾉﾔﾁ(ﾜｷﾉﾔﾁ),,,,,,,,,,,,,36.785675,136.943332
199,30087,小牧,3,富山,西部,西部南,砺波市,200m未満,180,小牧(道),,ｺﾏｷ,,,,,,,,,,,355007,,36.557035,137.006304
200,30089,五郎丸,3,富山,西部,西部南,砺波市,200m未満,70,五郎丸(道),,ｺﾞﾛｳﾏﾙ,,,,,,,,,,,,,36.612435,136.965312
201,30088,砺波,3,富山,西部,西部南,砺波市,200m未満,50,砺波(道),,ﾄﾅﾐ,,,,,,,,,,,355006,,36.650573,136.962262
202,55020,142,10,富山,西部,西部南,砺波市,200m未満,60,砺波市鷹栖(県),鷹栖,ﾄﾅﾐｼﾀｶﾉｽ(ﾀｶﾉｽ),,,,,,,,,,,,,36.618763,136.933063
203,21,55141,1,富山,西部,西部南,砺波市,平地,70,砺波,,ﾄﾅﾐ,,,6,25,6,30,3,20,90,148,155910,155141,36.610833,136.956389
204,55026,155,10,富山,西部,西部南,南砺市,200m以上,350,南砺市西赤尾町(県),上平,ﾅﾝﾄｼﾆｼｱｶｵﾏﾁ(ｶﾐﾀｲﾗ),,,,,,,,,,,,,36.374359,136.868354
205,55025,150,10,富山,西部,西部南,南砺市,200m以上,200,南砺市利賀村新山(県),新山,ﾅﾝﾄｼﾄｶﾞﾑﾗｱﾗﾔﾏ(ｱﾗﾔﾏ),,,,,,,,,,,,,36.488526,136.985181
206,55022,151,10,富山,西部,西部南,南砺市,平地,120,南砺市川西(県),福光,ﾅﾝﾄｼｶﾜﾆｼ(ﾌｸﾐﾂ),,,6,25,6,30,3,20,100,,,,36.577548,136.848636
207,55021,143,10,富山,西部,西部南,南砺市,200m未満,60,南砺市寺家(県),福野,ﾅﾝﾄｼｼﾞｹ(ﾌｸﾉ),,,,,,,,,,,1055032,,36.587364,136.914413
208,55024,145,10,富山,西部,西部南,南砺市,200m以上,530,南砺市梨谷(県),平,ﾅﾝﾄｼﾅｼﾀﾆ(ﾀｲﾗ),,,,,,,,,,,,,36.439196,136.940051
209,55023,144,10,富山,西部,西部南,南砺市,200m以上,530,南砺市利賀村高沼(県),利賀,ﾅﾝﾄｼﾄｶﾞﾑﾗﾀｶﾇﾏ(ﾄｶﾞ),,,,,,,,,,,,,36.516027,137.028522
210,30111,穴水,3,石川,能登,能登北部,穴水町,200m未満,170,穴水(道),,ｱﾅﾐｽﾞ,,,,,,,,,,,356014,,37.272984,136.923438
211,56055,46,10,石川,能登,能登北部,穴水町,200m未満,0,穴水(県),,ｱﾅﾐｽﾞ,,,,,,,,,,,1056238,,37.228889,136.9025
212,56075,1001,10,石川,能登,能登北部,穴水町,200m以上,240,別所岳SA(県),,ﾍﾞｯｼｮﾀﾞｹSA,,,,,,,,,,,1056263,,37.18,136.854167
213,56071,41,10,石川,能登,能登北部,珠洲市,200m未満,20,寺家(県),,ｼﾞｹ,,,,,,,,,,,1056233,,37.5075,137.344722
214,24,56036,1,石川,能登,能登北部,珠洲市,平地,0,珠洲,,ｽｽﾞ,,,12,30,12,35,6,25,70,137,156900,156036,37.447222,137.2875
215,56070,19,10,石川,能登,能登北部,珠洲市,山地,220,珠洲市大谷町(県),大谷峠,ｽｽﾞｼｵｵﾀﾆﾏﾁ(ｵｵﾀﾆﾄｳｹﾞ),,,12,45,12,55,6,35,,,1056211,,37.478333,137.198333
216,56069,42,10,石川,能登,能登北部,珠洲市,山地,150,珠洲市若山町上山(県),八太郎,ｽｽﾞｼﾜｶﾔﾏﾏﾁｶﾐﾔﾏ(ﾊｯﾀﾛｳ),,,12,45,12,55,6,35,,,1056234,,37.446111,137.147778
217,56061,47,10,石川,能登,能登北部,能登町,平地,10,能登町宇出津(県),宇出津,ﾉﾄﾁｮｳｳｼﾂ(ｳｼﾂ),,,12,30,12,35,6,25,60,,1056239,,37.299444,137.148056
218,56063,39,10,石川,能登,能登北部,能登町,山地,130,能登町小間生(県),桐畑,ﾉﾄﾁｮｳｵﾓｳ(ｷﾘﾊﾞﾀｹ),,,12,45,12,55,6,35,,,1056231,,37.382222,137.139167
219,56072,21,10,石川,能登,能登北部,能登町,山地,210,能登町駒渡(県),駒渡,ﾉﾄﾁｮｳｺﾏﾜﾀﾘ(ｺﾏﾜﾀﾘ),,,12,45,12,55,6,35,130,,1056213,,37.355278,137.158333
220,56066,20,10,石川,能登,能登北部,能登町,200m未満,70,十八束(県),,ｼﾞｭｳﾊｯｿｸ,,,,,,,,,,,1056212,,37.326667,137.195556
221,56065,75,10,石川,能登,能登北部,能登町,平地,10,能登町小木(県),小木,ﾉﾄﾁｮｳｵｷﾞ(ｵｷﾞ),,,12,30,12,35,6,25,,,1056262,,37.304722,137.227222
222,56059,18,10,石川,能登,能登北部,能登町,山地,180,能登町太田原(県),太田原,ﾉﾄﾁｮｳｵｵﾀﾞﾜﾗ(ｵｵﾀﾞﾜﾗ),,,12,45,12,55,6,35,110,,1056210,,37.321389,136.994167
223,56058,16,10,石川,能登,能登北部,能登町,山地,60,能登町本木(県),本木,ﾉﾄﾁｮｳﾎﾝｷ(ﾎﾝｷ),,,12,45,12,55,6,35,,,1056208,,37.2775,137.028889
224,56067,103,10,石川,能登,能登北部,能登町,平地,40,能登町柳田(県),柳田,ﾉﾄﾁｮｳﾔﾅｷﾞﾀﾞ(ﾔﾅｷﾞﾀﾞ),,,12,30,12,35,6,25,,,1056268,,37.368333,137.0925
225,56054,17,10,石川,能登,能登北部,輪島市,山地,110,輪島市三井町市ﾉ坂(県),三井,ﾜｼﾞﾏｼﾐｲﾏﾁｲﾁﾉｻｶ(ﾐｲ),,,12,45,12,55,6,35,,,1056209,,37.294722,136.895278
226,56064,74,10,石川,能登,能登北部,輪島市,200m未満,180,西円山(県),,ﾆｼﾏﾙﾔﾏ,,,,,,,,,,,1056261,,37.3375,136.823889
227,56062,48,10,石川,能登,能登北部,輪島市,平地,10,輪島市町野町(県),町野,ﾜｼﾞﾏｼﾏﾁﾉﾏﾁ(ﾏﾁﾉ),,,12,30,12,35,6,25,70,,1056240,,37.425278,137.085
228,56053,15,10,石川,能登,能登北部,輪島市,200m未満,70,縄又(県),,ﾅﾜﾏﾀ,,,,,,,,,,,1056207,,37.346944,136.8575
229,56057,40,10,石川,能登,能登北部,輪島市,山地,80,輪島市門前町別所(県),二又川,ﾜｼﾞﾏｼﾓﾝｾﾞﾝﾏﾁﾍﾞｯｼｮ(ﾌﾀﾏﾀｶﾞﾜ),,,12,45,12,55,6,35,,,1056232,,37.275,136.839444
230,56060,50,10,石川,能登,能登北部,輪島市,山地,210,輪島市三井町洲衛(県),能登空港,ﾜｼﾞﾏｼﾐｲﾏﾁｽｴ(ﾉﾄｸｳｺｳ),,,12,45,12,55,6,35,,,1056242,,37.297222,136.957778
231,56056,49,10,石川,能登,能登北部,輪島市,平地,20,輪島市門前町深田(県),門前,ﾜｼﾞﾏｼﾓﾝｾﾞﾝﾏﾁﾌｶﾀﾞ(ﾓﾝｾﾞﾝ),,,12,30,12,35,6,25,50,,1056241,,37.288056,136.779444
232,56068,104,10,石川,能登,能登北部,輪島市,200m未満,180,与呂見(県),,ﾖﾛﾐ,,,,,,,,,,,1056267,,37.331389,136.945556
233,25,56052,1,石川,能登,能登北部,輪島市,平地,10,輪島,,ﾜｼﾞﾏ,,,12,30,12,35,6,25,40,84,156903,156052,37.391389,136.895278
234,56038,37,10,石川,能登,能登南部,志賀町,平地,50,志賀町三明(県),荒屋,ｼｶﾏﾁｻﾝﾐｮｳ(ｱﾗﾔ),,,12,30,12,35,6,25,,,1056229,,37.089444,136.766111
235,56033,43,10,石川,能登,能登南部,志賀町,平地,0,志賀町高浜町(県),高浜,ｼｶﾏﾁﾀｶﾊﾏﾁｮｳ(ﾀｶﾊﾏ),,,12,30,12,35,6,25,40,,1056235,,37.005556,136.777222
236,56031,29,10,石川,能登,能登南部,志賀町,平地,50,志賀町上棚(県),上棚,ｼｶﾏﾁｳﾜﾀﾞﾅ(ｳﾜﾀﾞﾅ),,,12,30,12,35,6,25,,,1056221,,36.983333,136.824722
237,56039,36,10,石川,能登,能登南部,志賀町,平地,50,志賀町大福寺(県),深谷,ｼｶﾏﾁﾀﾞｲﾌｸｼﾞ(ﾌｶﾀﾞﾆ),,,12,30,12,35,6,25,,,1056228,,37.189444,136.716667
238,56037,35,10,石川,能登,能登南部,志賀町,平地,90,志賀町鵜野屋(県),地保,ｼｶﾏﾁｳﾉﾔ(ｼﾞﾎ),,,12,45,12,55,6,35,,,1056227,,37.188611,136.796111
239,56036,44,10,石川,能登,能登南部,志賀町,平地,10,志賀町富来高田(県),富来,ｼｶﾏﾁﾄｷﾞﾀｶﾀ(ﾄｷﾞ),,,12,30,12,35,6,25,40,,1056236,,37.141667,136.7325
240,30104,小竹,3,石川,能登,能登南部,中能登町,200m未満,20,小竹(道),,ｵﾀﾞｹ,,,,,,,,,,,356005,,36.95612,136.889978
241,56048,68,10,石川,能登,能登南部,中能登町,山地,350,中能登町高畠(県),碁石が峰,ﾅｶﾉﾄﾏﾁﾀｶﾊﾞﾀｹ(ｺﾞｲｼｶﾞﾐﾈ),,,12,45,12,55,6,35,,,1056255,,36.920278,136.891667
242,56044,63,10,石川,能登,能登南部,中能登町,平地,10,中能登町能登部下(県),鹿西,ﾅｶﾉﾄﾏﾁﾉﾄﾍﾞｼﾓ(ﾛｸｾｲ),,,12,30,12,35,6,25,,,1056251,,36.958333,136.863333
243,56045,62,10,石川,能登,能登南部,中能登町,平地,50,中能登町上後山(県),上後山,ﾅｶﾉﾄﾏﾁｶﾐｳｼﾛﾔﾏ(ｶﾐｳｼﾛﾔﾏ),,,12,30,12,35,6,25,,,1056250,,36.981111,136.847222
244,56052,102,10,石川,能登,能登南部,中能登町,平地,20,中能登町末坂(県),鳥屋,ﾅｶﾉﾄﾏﾁｽｴｻﾞｶ(ﾄﾘﾔ),,,12,30,12,35,6,25,,,1056269,,36.988333,136.903333
245,56043,51,10,石川,能登,能登南部,中能登町,平地,80,中能登町井田(県),二宮,ﾅｶﾉﾄﾏﾁｲﾀﾞ(ﾆﾉﾐﾔ),,,12,30,12,35,6,25,70,,1056243,,36.965,136.918611
246,30112,麻生,3,石川,能登,能登南部,七尾市,200m未満,140,麻生(道),,ｱｿｳ,,,,,,,,,,,,,37.012892,137.026393
247,30109,大田１,3,石川,能登,能登南部,七尾市,200m未満,40,大田(道),,ｵｵﾀ,,,,,,,,,,,356007,,37.052194,137.008686
248,30108,大田除雪,3,石川,能登,能登南部,七尾市,200m未満,0,大田除雪(道),,ｵｵﾀｼﾞｮｾﾂ,,,,,,,,,,,356009,,37.052732,137.002662
249,30110,沢野２,3,石川,能登,能登南部,七尾市,200m未満,80,沢野(道),,ｻﾜﾉ,,,,,,,,,,,356011,,37.052733,137.027007
250,56074,1002,10,石川,能登,能登南部,七尾市,平地,20,七尾市高田町(県),田鶴浜,ﾀﾂﾙﾊﾏ,,,12,30,12,35,6,25,,,1056264,,37.055833,136.888333
251,56050,73,10,石川,能登,能登南部,七尾市,平地,10,七尾市本府中町(県),七尾,ﾅﾅｵｼﾓﾄﾌﾁｭｳﾏﾁ(ﾅﾅｵ),,,12,30,12,35,6,25,,,1056260,,37.04,136.971389
252,30107,七尾除雪,3,石川,能登,能登南部,七尾市,200m未満,20,七尾除雪(道),,ﾅﾅｵｼﾞｮｾﾂ,,,,,,,,,,,,,37.018257,136.954815
253,56051,101,10,石川,能登,能登南部,七尾市,200m未満,30,鵜浦(県),,ｳﾉｳﾗ,,,,,,,,,,,1056266,,37.082778,137.041944
254,56049,72,10,石川,能登,能登南部,七尾市,平地,20,七尾市山崎町(県),花園,ﾅﾅｵｼﾔﾏｻﾞｷﾏﾁ(ﾊﾅｿﾞﾉ),,,12,30,12,35,6,25,,,1056259,,36.98,137.035833
255,26,56146,1,石川,能登,能登南部,七尾市,平地,50,七尾,,ﾅﾅｵ,,,12,30,12,35,6,25,70,88,156905,156146,37.031111,136.991667
256,56041,26,10,石川,能登,能登南部,七尾市,平地,20,七尾市中島町藤瀬(県),西谷内,ﾅﾅｵｼﾅｶｼﾞﾏﾏﾁﾌｼﾞﾉｾ(ﾆｼﾔﾁ),,,12,30,12,35,6,25,,,1056218,,37.143333,136.818333
257,56047,38,10,石川,能登,能登南部,七尾市,平地,30,七尾市大津町(県),大津,ﾅﾅｵｼｵｵﾂﾏﾁ(ｵｵﾂ),,,12,30,12,35,6,25,50,,1056230,,37.061667,136.832778
258,56042,27,10,石川,能登,能登南部,七尾市,山地,250,七尾市熊淵町(県),滝尻,ﾅﾅｵｼｸﾏﾌﾞﾁﾏﾁ(ﾀｷｼﾞﾘ),,,12,45,12,55,6,35,,,1056219,,36.995,136.982778
259,56040,64,10,石川,能登,能登南部,七尾市,平地,0,七尾市中島町中島(県),中島,ﾅﾅｵｼﾅｶｼﾞﾏﾏﾁﾅｶｼﾞﾏ(ﾅｶｼﾞﾏ),,,12,30,12,35,6,25,,,1056252,,37.121944,136.8525
260,56046,45,10,石川,能登,能登南部,七尾市,平地,20,七尾市能登島向田町(県),能登島,ﾅﾅｵｼﾉﾄｼﾞﾏｺｳﾀﾞﾏﾁ(ﾉﾄｼﾞﾏ),,,12,30,12,35,6,25,40,,1056237,,37.124722,136.997222
261,56035,28,10,石川,能登,能登南部,羽咋市,平地,100,羽咋市神子原町(県),神子原,ﾊｸｲｼﾐｺﾊﾗﾏﾁ(ﾐｺﾊﾗ),,,12,30,12,35,6,25,,,1056220,,36.885278,136.859444
262,30105,押水,3,石川,能登,能登南部,宝達志水町,200m未満,10,押水(道),,ｵｼﾐｽﾞ,,,,,,,,,,,356006,,36.84337,136.773329
263,56034,60,10,石川,能登,能登南部,宝達志水町,平地,20,宝達志水町小川(県),押水,ﾎｳﾀﾞﾂｼﾐｽﾞﾁｮｳｵｶﾞﾜ(ｵｼﾐｽﾞ),,,12,30,12,35,6,25,,,1056248,,36.815833,136.763056
264,56032,61,10,石川,能登,能登南部,宝達志水町,平地,10,宝達志水町子浦(県),志雄,ﾎｳﾀﾞﾂｼﾐｽﾞﾁｮｳｼｵ(ｼｵ),,,12,30,12,35,6,25,,,1056249,,36.861667,136.7975
265,56027,69,10,石川,加賀,加賀北部,金沢市,平地,10,金沢市泉本町(県),県央土木,ｶﾅｻﾞﾜｼｲｽﾞﾐﾎﾝﾏﾁ(ｹﾝｵｳﾄﾞﾎﾞｸ),,,12,25,12,30,6,20,60,,1056256,,36.553611,136.635
266,30106,月浦,3,石川,加賀,加賀北部,金沢市,200m未満,30,月浦(道),,ﾂｷｳﾗ,,,,,,,,,,,356013,,36.602117,136.7006
267,30096,南新保,3,石川,加賀,加賀北部,金沢市,200m未満,0,南新保(道),,ﾐﾅﾐｼﾝﾎﾞ,,,,,,,,,,,356002,,36.593735,136.633879
268,27,56227,1,石川,加賀,加賀北部,金沢市,平地,10,金沢,,ｶﾅｻﾞﾜ,,,12,25,12,30,6,25,60,136,156907,156227,36.589722,136.634722
269,56024,11,10,石川,加賀,加賀北部,金沢市,山地,150,金沢市東原町(県),東原,ｶﾅｻﾞﾜｼﾋｶﾞｼﾊﾗﾏﾁ(ﾋｶﾞｼﾊﾗ),,,12,55,12,65,6,45,,,1056203,,36.589444,136.788611
270,56023,12,10,石川,加賀,加賀北部,金沢市,山地,160,金沢市古郷町(県),湯涌,ｶﾅｻﾞﾜｼｺｷｮｳﾏﾁ(ﾕﾜｸ),,,12,55,12,65,6,45,120,,1056204,,36.490833,136.763056
271,56026,66,10,石川,加賀,加賀北部,金沢市,山地,100,金沢市二俣町(県),二俣,ｶﾅｻﾞﾜｼﾌﾀﾏﾀﾏﾁ(ﾌﾀﾏﾀ),,,12,55,12,65,6,45,,,1056253,,36.555556,136.761111
272,56025,13,10,石川,加賀,加賀北部,金沢市,200m以上,240,別所(県),,ﾍﾞｯｼｮ,,,,,,,,,,,1056205,,36.501944,136.674444
273,56028,53,10,石川,加賀,加賀北部,かほく市,平地,20,かほく市高松(県),高松,ｶﾎｸｼﾀｶﾏﾂ(ﾀｶﾏﾂ),,,12,25,12,30,6,20,60,,1056244,,36.779722,136.744444
274,56073,1003,10,石川,加賀,加賀北部,かほく市,平地,10,かほく市二ﾂ屋(県),高松SA,ｶﾎｸｼﾌﾀﾂﾔ(ﾀｶﾏﾂSA),,,12,25,12,30,6,20,60,,1056265,,36.786111,136.725
275,30095,九折,3,石川,加賀,加賀北部,津幡町,200m未満,40,九折(道),,ﾂﾂﾞﾗｵﾘ,,,,,,,,,,,356001,,36.673795,136.789704
276,30100,津幡,3,石川,加賀,加賀北部,津幡町,200m未満,20,津幡(道),,ﾂﾊﾞﾀ,,,,,,,,,,,356015,,36.685147,136.734335
277,56029,14,10,石川,加賀,加賀北部,津幡町,山地,120,津幡町上河合(県),河合谷,ﾂﾊﾞﾀﾏﾁｶﾐｶﾜｲ(ｶﾜｲﾀﾞﾆ),,,12,55,12,65,6,45,,,1056206,,36.735833,136.801111
278,56030,34,10,石川,加賀,加賀北部,津幡町,山地,150,津幡町九折(県),倶利伽羅,ﾂﾊﾞﾀﾏﾁﾂﾂﾞﾗｵﾘ(ｸﾘｶﾗ),,,12,55,12,65,6,45,,,1056226,,36.671667,136.822222
279,30099,牛の谷,3,石川,加賀,加賀南部,加賀市,200m未満,20,牛の谷(道),,ｳｼﾉﾔ,,,,,,,,,,,356003,,36.278759,136.291834
280,56004,71,10,石川,加賀,加賀南部,加賀市,平地,10,加賀市塩屋町(県),塩屋,ｶｶﾞｼｼｵﾔﾏﾁ(ｼｵﾔ),,,12,30,12,35,6,25,,,1056258,,36.294722,136.254722
281,29,56301,1,石川,加賀,加賀南部,加賀市,山地,80,加賀市菅谷,加賀菅谷,ｶｶﾞｼｽｶﾞﾀﾆ(ｶｶﾞｽｶﾞﾀﾆ),,,12,55,12,65,6,45,120,232,156915,156301,36.230556,136.361667
282,56002,25,10,石川,加賀,加賀南部,加賀市,山地,150,加賀市山中温泉我谷(県),我谷,ｶｶﾞｼﾔﾏﾅｶｵﾝｾﾝﾜｶﾞﾀﾆ(ﾜｶﾞﾀﾆ),,,12,55,12,65,6,45,,,1056217,,36.205833,136.348333
283,56003,70,10,石川,加賀,加賀南部,加賀市,平地,30,加賀市山代温泉桔梗丘(県),山代,ｶｶﾞｼﾔﾏｼﾛｵﾝｾﾝｷｷｮｳｶﾞｵｶ(ﾔﾏｼﾛ),,,12,30,12,35,6,25,,,1056257,,36.286944,136.355833
284,56001,30,10,石川,加賀,加賀南部,加賀市,山地,60,加賀市山中温泉東桂木町(県),山中,ｶｶﾞｼﾔﾏﾅｶｵﾝｾﾝﾋｶﾞｼｶﾂﾗｷﾞﾏﾁ(ﾔﾏﾅｶ),,,12,55,12,65,6,45,80,,1056222,,36.255556,136.373333
285,56000,31,10,石川,加賀,加賀南部,加賀市,平地,10,加賀市塩浜町(県),片山津,ｶｶﾞｼｼｵﾊﾏﾏﾁ(ｶﾀﾔﾏﾂﾞ),,,12,30,12,35,6,25,50,,1056223,,36.350278,136.334444
286,56011,67,10,石川,加賀,加賀南部,小松市,平地,0,小松市白江町(県),小松,ｺﾏﾂｼｼﾗｴﾏﾁ(ｺﾏﾂ),,,12,30,12,35,6,25,50,,1056254,,36.411667,136.468333
287,30097,小松除雪,3,石川,加賀,加賀南部,小松市,200m未満,30,小松除雪(道),,ｺﾏﾂｼﾞｮｾﾂ,,,,,,,,,,,,,36.393273,136.493411
288,30098,千木野,3,石川,加賀,加賀南部,小松市,200m未満,20,千木野(道),,ｾｷﾞﾉ,,,,,,,,,,,,,36.378587,136.482188
289,56009,22,10,石川,加賀,加賀南部,小松市,200m未満,80,上麦口(県),,ｶﾐﾑｷﾞｸﾁ,,,,,,,,,,,1056214,,36.371944,136.553056
290,56006,24,10,石川,加賀,加賀南部,小松市,200m未満,170,大杉(県),,ｵｵｽｷﾞ,,,,,,,,,,,1056216,,36.258611,136.508611
291,56005,32,10,石川,加賀,加賀南部,小松市,200m未満,30,那谷(県),,ﾅﾀ,,,,,,,,,,,1056224,,36.320556,136.4275
292,56007,23,10,石川,加賀,加賀南部,小松市,山地,150,小松市尾小屋町(県),尾小屋,ｺﾏﾂｼｵｺﾞﾔﾏﾁ(ｵｺﾞﾔ),,,12,55,12,65,6,45,120,,1056215,,36.299444,136.528889
293,56010,57,10,石川,加賀,加賀南部,能美市,平地,0,能美市福島町(県),根上,ﾉﾐｼﾌｸｼﾏﾏﾁ(ﾈｱｶﾞﾘ),,,12,30,12,35,6,25,,,1056247,,36.457222,136.47
294,56008,55,10,石川,加賀,加賀南部,能美市,平地,40,能美市辰口町(県),辰口,ﾉﾐｼﾀﾂﾉｸﾁﾏﾁ(ﾀﾂﾉｸﾁ),,,12,30,12,35,6,25,60,,1056245,,36.445556,136.553056
295,30102,鶴来１,3,石川,加賀,加賀南部,白山市,200m未満,90,鶴来(道),,ﾂﾙｷﾞ,,,,,,,,,,,356004,,36.450973,136.62035
296,30103,白山,3,石川,加賀,加賀南部,白山市,200m未満,110,白山(道),,ｼﾗﾔﾏ,,,,,,,,,,,,,36.4303,136.630779
297,30101,松任除雪,3,石川,加賀,加賀南部,白山市,200m未満,30,松任(道),,ﾏｯﾄｳ,,,,,,,,,,,356010,,36.51985,136.590301
298,56016,4,10,石川,加賀,加賀南部,白山市,山地,270,白山市数瀬町(県),阿手,ﾊｸｻﾝｼｶｽﾞｾﾏﾁ(ｱﾃ),,,12,55,12,65,6,45,,,1056197,,36.3025,136.5925
299,56020,7,10,石川,加賀,加賀南部,白山市,200m以上,560,一里野(県),,ｲﾁﾘﾉ,,,,,,,,,,,1056200,,36.266111,136.717222
300,56017,2,10,石川,加賀,加賀南部,白山市,平地,280,白山市河内町(県),河内,ﾊｸｻﾝｼｶﾜﾁﾏﾁ(ｶﾜﾁ),,,12,30,12,65,6,45,,,1056195,,36.348889,136.673333
301,56018,5,10,石川,加賀,加賀南部,白山市,山地,300,白山市木滑(県),吉野谷,ﾊｸｻﾝｼｷﾅﾒﾘ(ﾖｼﾉﾀﾞﾆ),,,12,55,12,65,6,45,,,1056198,,36.308611,136.646944
302,56012,1,10,石川,加賀,加賀南部,白山市,山地,140,白山市八幡町(県),石川土木,ﾊｸｻﾝｼﾔﾜﾀﾏﾁ(ｲｼｶﾜﾄﾞﾎﾞｸ),,,12,55,12,65,6,45,100,,1056194,,36.441667,136.635278
303,56022,9,10,石川,加賀,加賀南部,白山市,山地,710,白山市白峰大道谷(県),谷峠,ﾊｸｻﾝｼｼﾗﾐﾈｵｵﾐﾁﾀﾞﾆ(ﾀﾆﾄｳｹﾞ),,,12,55,12,65,6,45,,,1056202,,36.141944,136.586944
304,56015,3,10,石川,加賀,加賀南部,白山市,山地,190,白山市別宮町(県),鳥越,ﾊｸｻﾝｼﾍﾞﾂｸﾏﾁ(ﾄﾘｺﾞｴ),,,12,55,12,65,6,45,150,,1056196,,36.357778,136.605
305,28,56286,1,石川,加賀,加賀南部,白山市,山地,140,白山市河内,白山河内,ﾊｸｻﾝｼｶﾜﾁ(ﾊｸｻﾝｶﾜﾁ),,,12,55,12,65,6,45,150,266,156910,156286,36.3975,136.620833
306,56021,8,10,石川,加賀,加賀南部,白山市,山地,480,白山市白峰(県),白峰,ﾊｸｻﾝｼｼﾗﾐﾈ(ｼﾗﾐﾈ),,,12,55,12,65,6,45,250,,1056201,,36.18,136.624722
307,56019,6,10,石川,加賀,加賀南部,白山市,山地,310,白山市女原(県),尾口,ﾊｸｻﾝｼｵﾅﾊﾞﾗ(ｵｸﾞﾁ),,,12,55,12,65,6,45,,,1056199,,36.281667,136.647778
308,56013,56,10,石川,加賀,加賀南部,白山市,平地,10,白山市美川浜町(県),美川,ﾊｸｻﾝｼﾐｶﾜﾊﾏﾏﾁ(ﾐｶﾜ),,,12,30,12,35,6,25,40,,1056246,,36.490833,136.493333
309,56014,33,10,石川,加賀,加賀南部,白山市,平地,50,白山市向島町(県),木津,ﾊｸｻﾝｼﾑｶｲｼﾞﾏﾏﾁ(ｷﾂﾞ),,,12,30,12,35,6,25,,,1056225,,36.482222,136.578889
310,30113,熊坂,3,福井,嶺北,嶺北北部,あわら市,200m未満,50,熊坂(道),,ｸﾏｻｶ,,,,,,,,,,,357001,,36.236723,136.286862
311,57000,24,10,福井,嶺北,嶺北北部,あわら市,平地,80,あわら市下金屋(県),名泉郷,ｱﾜﾗｼｼﾓｶﾅﾔ,,,12,30,12,35,6,25,,,,,36.243847,136.28009
312,57005,7,10,福井,嶺北,嶺北北部,永平寺町,平地,70,永平寺町山王(県),山王,ｴｲﾍｲｼﾞﾁｮｳｻﾝﾉｳ,,,12,30,12,35,6,25,,,,,36.074418,136.397955
313,57010,50,10,福井,嶺北,嶺北北部,越前町,平地,10,越前町気比庄(県),気比庄,ｴﾁｾﾞﾝﾁｮｳｷﾋｼｮｳ,,,12,30,12,35,6,25,,,,,35.976495,136.137632
314,57011,44,10,福井,嶺北,嶺北北部,越前町,平地,120,越前町織田(県),織田,ｴﾁｾﾞﾝﾁｮｳｵﾀ,,,12,30,12,35,6,25,,,,,35.961598,136.061068
315,57003,22,10,福井,嶺北,嶺北北部,坂井市,平地,10,坂井市坂井町宮領(県),宮領,ｻｶｲｼｻｶｲﾁｮｳﾐﾔﾘｮｳ,,,12,30,12,35,6,25,,,,,36.163746,136.240064
316,57001,26,10,福井,嶺北,嶺北北部,坂井市,平地,0,坂井市三国町錦(県),錦,ｻｶｲｼﾐｸﾆﾁｮｳﾆｼｷ,,,12,30,12,35,6,25,,,,,36.214245,136.153497
317,57002,16,10,福井,嶺北,嶺北北部,坂井市,平地,100,坂井市丸岡町山竹田(県),山竹田,ｻｶｲｼﾏﾙｵｶﾁｮｳﾔﾏﾀｹﾀﾞ,,,12,30,12,35,6,25,,,,,36.17119,136.331894
318,57004,6,10,福井,嶺北,嶺北北部,福井市,平地,20,福井市砂子坂町(県),砂子坂,ﾌｸｲｼｽﾅｺﾞｻｶﾁｮｳ,,,12,30,12,35,6,25,,,,,36.144656,136.146584
319,57008,11,10,福井,嶺北,嶺北北部,福井市,山地,240,福井市皿谷町(県),皿谷,ﾌｸｲｼｻﾗﾀﾞﾆﾁｮｳ,,,12,40,12,50,6,35,,,,,36.027165,136.427738
320,57006,15,10,福井,嶺北,嶺北北部,福井市,山地,290,福井市上一光町(県),上一光,ﾌｸｲｼｶﾐｲｶﾘﾁｮｳ,,,12,40,12,50,6,35,,,,,36.066919,136.091208
321,57007,14,10,福井,嶺北,嶺北北部,福井市,平地,10,福井市城東(県),城東,ﾌｸｲｼｼﾞｮｳﾄｳ,,,12,30,12,35,6,25,,,,,36.057849,136.241124
322,57009,65,10,福井,嶺北,嶺北北部,福井市,平地,160,福井市西別所町(県),西別所,ﾌｸｲｼﾆｼﾍﾞｯｼｮﾁｮｳ,,,12,30,12,35,6,25,,,,,36.026713,136.062599
323,30,57066,1,福井,嶺北,嶺北北部,福井市,平地,10,福井,,ﾌｸｲ,,,12,30,12,35,6,25,90,165,157903,157066,36.055556,136.2225
324,57015,54,10,福井,嶺北,嶺北南部,池田町,山地,210,池田町谷口(県),谷口,ｲｹﾀﾞﾁｮｳﾀﾆｸﾞﾁ,,,12,40,12,50,6,35,,,,,35.8986,136.353974
325,57014,66,10,福井,嶺北,嶺北南部,越前市,平地,40,越前市上太田町(県),上太田,ｴﾁｾﾞﾝｼｶﾐｵｵﾀﾞﾁｮｳ,,,12,30,12,35,6,25,,,,,35.901568,136.151416
326,57033,56,10,福井,嶺北,嶺北南部,越前市,平地,30,越前市粟田部町(県),粟田部,ｴﾁｾﾞﾝｼｱﾜﾀﾍﾞﾁｮｳ,,,12,30,12,35,6,25,,,,,35.911368,136.23623
327,57016,59,10,福井,嶺北,嶺北南部,越前市,山地,220,越前市千合谷町(県),千合谷,ｴﾁｾﾞﾝｼｾﾝｺﾞｳﾀﾞﾆﾁｮｳ,,,12,40,12,50,6,35,,,,,35.889014,136.027354
328,31,57106,1,福井,嶺北,嶺北南部,越前市,平地,30,越前市武生,武生,ｴﾁｾﾞﾝｼﾀｹﾌ(ﾀｹﾌ),,,12,30,12,35,6,25,90,122,157920,157106,35.906389,136.174722
329,57012,63,10,福井,嶺北,嶺北南部,鯖江市,平地,100,鯖江市上戸口町(県),上戸の口,ｻﾊﾞｴｼｶﾐﾄﾉｸﾁﾁｮｳ,,,12,30,12,35,6,25,,,,,35.976218,136.253971
330,57013,49,10,福井,嶺北,嶺北南部,鯖江市,平地,30,鯖江市西山町(県),西山,ｻﾊﾞｴｼﾆｼﾔﾏﾁｮｳ,,,12,30,12,35,6,25,,,,,35.955028,136.184525
331,30114,大良,3,福井,嶺北,嶺北南部,南越前町,200m以上,200,大良(道),,ﾀﾞｲﾗ,,,,,,,,,,,357001,,35.800615,136.091613
332,57017,69,10,福井,嶺北,嶺北南部,南越前町,山地,250,南越前町広野(県),広野,ﾐﾅﾐｴﾁｾﾞﾝﾁｮｳﾋﾛﾉ,,,12,40,12,50,6,35,,,,,35.718553,136.25085
333,34,57206,1,福井,嶺北,嶺北南部,南越前町,山地,130,南越前町今庄,今庄,ﾐﾅﾐｴﾁｾﾞﾝﾁｮｳｲﾏｼﾞｮｳ(ｲﾏｼﾞｮｳ),,,12,40,12,50,6,35,160,254,157910,157206,35.768056,136.201389
334,57023,32,10,福井,嶺北,奥越,大野市,山地,390,大野市下山(県),下山,ｵｵﾉｼｼﾓﾔﾏ,,,12,45,12,55,6,35,,,,,35.923077,136.645278
335,33,57176,1,福井,嶺北,奥越,大野市,山地,440,大野市九頭竜,九頭竜,ｵｵﾉｼｸｽﾞﾘｭｳ(ｸｽﾞﾘｭｳ),,,12,45,12,55,6,35,230,329,157900,157176,35.909722,136.668333
336,57022,31,10,福井,嶺北,奥越,大野市,山地,230,大野市五条方(県),五条方,ｵｵﾉｼｺﾞｼﾞｮｳﾎｳ,,,12,45,12,55,6,35,,,,,35.939805,136.550682
337,32,57121,1,福井,嶺北,奥越,大野市,山地,180,大野,,ｵｵﾉ,,,12,45,12,55,6,35,150,237,157905,157121,35.971667,136.497778
338,57024,35,10,福井,嶺北,奥越,大野市,山地,680,大野市東市布(県),東市布,ｵｵﾉｼﾋｶﾞｼｲﾁﾇﾉ,,,12,45,12,55,6,35,,,,,35.870482,136.816443
339,57020,41,10,福井,嶺北,奥越,大野市,山地,490,大野市南六呂師(県),南六呂師,ｵｵﾉｼﾐﾅﾐﾛｸﾛｼ,,,12,45,12,55,6,35,,,,,36.016142,136.571836
340,57021,30,10,福井,嶺北,奥越,大野市,山地,170,大野市友江(県),友江,ｵｵﾉｼﾄﾓｴ,,,12,45,12,55,6,35,,,,,35.998107,136.500887
341,57019,40,10,福井,嶺北,奥越,勝山市,山地,130,勝山市滝波町(県),滝波,ｶﾂﾔﾏｼﾀｷﾅﾐﾁｮｳ,,,12,45,12,55,6,35,,,,,36.069125,136.493783
342,57018,27,10,福井,嶺北,奥越,勝山市,山地,680,勝山市北谷町谷(県),谷,ｶﾂﾔﾏｼｷﾀﾀﾞﾆﾁｮｳﾀﾆ,,,12,45,12,55,6,35,,,,,36.124833,136.58095
343,30116,余座,3,福井,嶺南,嶺南東部,敦賀市,200m未満,20,余座(道),,ﾖｻﾞ,,,,,,,,,,,357001,,35.653062,136.08544
344,30117,新道,3,福井,嶺南,嶺南東部,敦賀市,200m未満,190,新道(道),,ｼﾝﾄｳ,,,,,,,,,,,357001,,35.58941,136.124289
345,30115,杉津,3,福井,嶺南,嶺南東部,敦賀市,200m未満,30,杉津(道),,ｽｲﾂﾞ,,,,,,,,,,,357001,,35.743643,136.103485
346,30121,山中,3,福井,嶺南,嶺南東部,敦賀市,200m以上,390,山中(道),,ﾔﾏﾅｶ,,,,,,,,,,,357001,,35.538487,136.097218
347,57025,71,10,福井,嶺南,嶺南東部,敦賀市,山地,300,敦賀市新保(県),新保,ﾂﾙｶﾞｼｼﾝﾎﾞ,,,12,40,12,50,6,35,,,,,35.705788,136.132158
348,57026,76,10,福井,嶺南,嶺南東部,敦賀市,平地,0,敦賀市中央町(県),中央,ﾂﾙｶﾞｼﾁｭｳｵｳﾁｮｳ,,,12,30,12,35,6,25,,,,,35.642931,136.056517
349,57027,73,10,福井,嶺南,嶺南東部,敦賀市,平地,160,敦賀市刀根(県),刀根,ﾂﾙｶﾞｼﾄﾈ,,,12,30,12,35,6,25,,,,,35.604645,136.147768
350,35,57248,1,福井,嶺南,嶺南東部,敦賀市,平地,0,敦賀,,ﾂﾙｶﾞ,,,12,30,12,35,6,25,80,155,157913,157248,35.653333,136.062222
351,57028,75,10,福井,嶺南,嶺南東部,美浜町,平地,80,美浜町新庄(県),新庄,ﾐﾊﾏﾁｮｳｼﾝｼﾞｮｳ,,,12,30,12,35,6,25,,,,,35.565132,135.972037
352,30118,倉見,3,福井,嶺南,嶺南東部,若狭町,200m未満,110,倉見(道),,ｸﾗﾐ,,,,,,,,,,,357001,,35.484303,135.90174
353,57034,80,10,福井,嶺南,嶺南東部,若狭町,平地,100,若狭町熊川(県),熊川,ﾜｶｻﾁｮｳｸﾏｶﾞﾜ,,,12,30,12,35,6,25,,,,,35.437513,135.911855
354,57030,82,10,福井,嶺南,嶺南西部,おおい町,平地,70,おおい町川上(県),川上,ｵｵｲﾁｮｳｶﾜｶﾐ,,,12,30,12,35,6,25,,,,,35.440767,135.531917
355,57032,77,10,福井,嶺南,嶺南西部,おおい町,平地,150,おおい町名田庄納田終(県),納田終,ｵｵｲﾁｮｳﾅﾀｼｮｳﾉﾀｵｲ,,,12,30,12,35,6,25,,,,,35.394466,135.584784
356,30119,伏原,3,福井,嶺南,嶺南西部,小浜市,200m未満,0,伏原(道),,ﾌｼﾜﾗ,,,,,,,,,,,357001,,35.490251,135.744606
357,36,57317,1,福井,嶺南,嶺南西部,小浜市,平地,10,小浜,,ｵﾊﾞﾏ,,,12,30,12,35,6,25,60,99,157915,157317,35.484444,135.783056
358,57031,89,10,福井,嶺南,嶺南西部,小浜市,平地,80,小浜市上田(県),上田,ｵﾊﾞﾏｼｶﾐﾀ,,,12,30,12,35,6,25,,,,,35.438202,135.644898
359,30120,六路谷,3,福井,嶺南,嶺南西部,高浜町,200m未満,50,六路谷(道),,ﾛｸﾛﾀﾞﾆ,,,,,,,,,,,357001,,35.483181,135.481714
360,57029,85,10,福井,嶺南,嶺南西部,高浜町,平地,150,高浜町山中(県),山中,ﾀｶﾊﾏﾁｮｳﾔﾏﾅｶ,,,12,30,12,35,6,25,,,,,35.516589,135.458376
361,,41277,1,栃木,南部,県央部,宇都宮市,200m未満,120,宇都宮,,ｳﾂﾉﾐﾔ,,,,,,,,,,,141915,141277,36.549759,139.868362
362,,宝積寺,3,栃木,南部,県央部,高根沢町,200m未満,150,新鬼怒川橋(道),,ｼﾝｷﾇｶﾞﾜﾊﾞｼ,,,,,,,,,,,,,36.60972222,139.9736111
363,,41166,1,栃木,北部,日光市,日光市,200m以上,1290,奥日光,,ｵｸﾆｯｺｳ,,,,,,,,,,,141910,141166,36.739942,139.500315
364,,41116,1,栃木,北部,日光市,日光市,200m以上,920,土呂部,,ﾄﾞﾛﾌﾞ,,,,,,,,,,,141905,141116,36.892776,139.568883
365,41000,11,10,栃木,北部,日光市,日光市,200m以上,740,日光市清滝(県),,ﾆｯｺｳｼｷﾖﾀｷ,,,,,,,,,,,,,36.732337,139.550861
366,41001,13,10,栃木,北部,日光市,日光市,200m以上,1300,中宮祠(県),,ﾁｭｳｸﾞｳｼ,,,,,,,,,,,,,36.757324,139.450852
367,41002,15,10,栃木,北部,日光市,日光市,200m以上,1480,湯元(県),,ﾕﾓﾄ,,,,,,,,,,,,,36.801953,139.426541
368,41003,18,10,栃木,北部,日光市,日光市,200m以上,1010,川俣(県),,ｶﾜﾏﾀ,,,,,,,,,,,,,36.879788,139.468533
369,41004,14,10,栃木,北部,日光市,日光市,200m以上,710,黒部(県),,ｸﾛﾍﾞ,,,,,,,,,,,,,36.86703,139.604768
370,41005,19,10,栃木,北部,日光市,日光市,200m以上,720,湯西川(県),,ﾕﾆｼｶﾞﾜ,,,,,,,,,,,,,36.970501,139.604328
371,41006,12,10,栃木,北部,日光市,日光市,200m以上,640,中三依(県),,ﾅｶﾐﾖﾘ,,,,,,,,,,,,,36.986679,139.699203
372,41007,21,10,栃木,北部,日光市,日光市,200m以上,790,横川(県),,ﾖｺｶﾜ,,,,,,,,,,,,,37.059227,139.73721
373,,扇町,3,栃木,北部,那須地域,矢板市,200m以上,200,矢板出張所(道),,ﾔｲﾀｼｭｯﾁｮｳｼｮ,,,,,,,,,,,,,36.81194444,139.9316667
374,,山田,3,栃木,北部,那須地域,矢板市,200m以上,220,野崎橋(道),,ﾉｻﾞｷﾊﾞｼ,,,,,,,,,,,,,36.83416667,139.9505556
375,,島方,3,栃木,北部,那須地域,那須塩原市,200m以上,270,那須野橋(道),,ﾅｽﾉﾊﾞｼ,,,,,,,,,,,,,36.91805556,140.0025
376,41008,22,10,栃木,北部,那須地域,那須塩原市,200m以上,610,中塩原(県),,ﾅｶｼｵﾊﾞﾗ,,,,,,,,,,,,,36.976668,139.801835
377,41009,17,10,栃木,北部,那須地域,那須塩原市,200m以上,590,板室(県),,ｲﾀﾑﾛ,,,,,,,,,,,,,37.057125,139.941047
378,,41011,1,栃木,北部,那須地域,那須町,200m以上,750,那須高原,,ﾅｽｺｳｹﾞﾝ,,,,,,,,,,,141900,141011,37.124636,140.035598
379,,豊原乙,3,栃木,北部,那須地域,那須町,200m以上,420,栃福橋(道),,ﾄﾁﾌｸﾊｼ,,,,,,,,,,,,,37.105,140.1386111
380,,漆塚,3,栃木,北部,那須地域,那須町,200m以上,350,余笹橋(道),,ﾖｻｻﾊｼ,,,,,,,,,,,,,37.03611111,140.0955556
381,,豊原丙,3,栃木,北部,那須地域,那須町,200m以上,410,那須除雪基地(道),,ﾅｽｼﾞｮｾﾂｷﾁ,,,,,,,,,,,,,37.06166667,140.1102778
382,,高久甲,3,栃木,北部,那須地域,那須町,200m以上,290,新晩翠橋(道),,ｼﾝﾊﾞﾝｽｲﾊﾞｼ,,,,,,,,,,,,,36.9775,140.0719444
383,41010,16,10,栃木,北部,那須地域,那須町,200m以上,1270,大丸(県),,ｵｵﾏﾙ,,,,,,,,,,,,,37.121462,139.984354
384,41011,20,10,栃木,北部,那須地域,那須町,200m以上,250,芦野(県),,ｱｼﾉ,,,,,,,,,,,,,36.982411,140.16013
385,,42251,1,群馬,南部,前橋桐生地域,前橋市,200m未満,110,前橋,,ﾏｴﾊﾞｼ,,,,,,,,,,,142915,142251,36.405322,139.060706
386,30122,上白井,3,群馬,南部,前橋桐生地域,渋川市,200m以上,300,上白井(道),,ｶﾐｼﾛｲ,,,,,,,,,,,342004,,36.562548,139.038028
387,30123,安中,3,群馬,南部,高崎藤岡地域,安中市,200m未満,150,安中(道),,ｱﾝﾅｶ,,,,,,,,,,,342018,,36.331082,138.894943
388,30124,松井田,3,群馬,南部,高崎藤岡地域,安中市,200m以上,310,松井田(道),,ﾏﾂｲﾀﾞ,,,,,,,,,,,342017,,36.314079,138.807991
389,30125,新中尾橋,3,群馬,南部,高崎藤岡地域,安中市,200m以上,390,新中尾橋(道),,ｼﾝﾅｶｵﾊｼ,,,,,,,,,,,342007,,36.338122,138.724784
390,30126,大久保,3,群馬,南部,高崎藤岡地域,安中市,200m以上,420,大久保(道),,ｵｵｸﾎﾞ,,,,,,,,,,,342005,,36.334557,138.717477
391,30127,入山,3,群馬,南部,高崎藤岡地域,安中市,200m以上,580,入山(道),,ｲﾘﾔﾏ,,,,,,,,,,,342016,,36.331834,138.680592
392,30128,ワサビ沢,3,群馬,南部,高崎藤岡地域,安中市,200m以上,710,ワサビ沢(道),,ﾜｻﾋﾞｻﾞﾜ,,,,,,,,,,,342021,,36.327556,138.663796
393,30129,八風平,3,群馬,南部,高崎藤岡地域,安中市,200m以上,820,八風平(道),,ﾊｯﾌﾟｳﾀﾞｲﾗ,,,,,,,,,,,342012,,36.31924,138.660212
394,30130,北の牧,3,群馬,南部,高崎藤岡地域,安中市,200m以上,910,北の牧(道),,ｷﾀﾉﾏｷ,,,,,,,,,,,342011,,36.31691,138.655148
395,30131,入山峠,3,群馬,南部,高崎藤岡地域,安中市,200m以上,1040,入山峠(道),,ｲﾘﾔﾏﾄｳｹﾞ,,,,,,,,,,,342013,,36.318272,138.649773
396,30132,軽井沢橋,3,群馬,南部,高崎藤岡地域,安中市,200m以上,1000,軽井沢橋(道),,ｶﾙｲｻﾞﾜﾊﾞｼ,,,,,,,,,,,348027,,36.324146,138.648491
397,,42046,1,群馬,北部,利根沼田地域,みなかみ町,200m以上,700,藤原,,ﾌｼﾞﾜﾗ,,,,,,,,,,,142900,142046,36.864734,139.059387
398,,42091,1,群馬,北部,利根沼田地域,みなかみ町,200m以上,520,みなかみ,,ﾐﾅｶﾐ,,,,,,,,,,,142905,142091,36.774444,138.96611
399,30133,月夜野,3,群馬,北部,利根沼田地域,みなかみ町,200m以上,400,月夜野(道),,ﾂｷﾖﾉ,,,,,,,,,,,342008,,36.668647,138.997929
400,30134,新布橋,3,群馬,北部,利根沼田地域,みなかみ町,200m以上,470,新布橋(道),,ｼﾝﾇﾉﾊｼ,,,,,,,,,,,342015,,36.693367,138.917962
401,30135,猿ヶ京,3,群馬,北部,利根沼田地域,みなかみ町,200m以上,650,猿ヶ京(道),,ｻﾙｶﾞｷｮｳ,,,,,,,,,,,342003,,36.729865,138.877546
402,30136,永井,3,群馬,北部,利根沼田地域,みなかみ町,200m以上,800,永井(道),,ﾅｶﾞｲ,,,,,,,,,,,342010,,36.733209,138.850477
403,30137,法師,3,群馬,北部,利根沼田地域,みなかみ町,200m以上,940,法師(道),,ﾎｳｼ,,,,,,,,,,,342002,,36.741343,138.83469
404,30138,黒岩,3,群馬,北部,利根沼田地域,みなかみ町,200m以上,980,黒岩(道),,ｸﾛｲﾜ,,,,,,,,,,,342009,,36.749459,138.832791
405,30139,三国,3,群馬,北部,利根沼田地域,みなかみ町,200m以上,1080,三国(道),,ﾐｸﾆ,,,,,,,,,,,342001,,36.760745,138.827968
406,30140,立岩橋,3,群馬,北部,利根沼田地域,みなかみ町,200m以上,1080,立岩橋(道),,ﾀﾃｲﾜﾊｼ,,,,,,,,,,,354065,,36.769881,138.815292
407,,42121,1,群馬,北部,吾妻地域,草津町,200m以上,1220,草津,,ｸｻﾂ,,,,,,,,,,,142910,142121,36.617116,138.591679
408,,片倉,3,東京,東京地方,多摩南部,八王子市,200m未満,180,御殿峠(道),,ｺﾞﾃﾝﾄｳｹﾞ,,,,,,,,,,,,,35.62305556,139.3402778
409,,南浅川町,3,東京,東京地方,多摩南部,八王子市,200m以上,370,南浅川町(道),,ﾐﾅﾐｱｻｶﾜﾏﾁ,,,,,,,,,,,,,35.61916667,139.2313889
410,,三ツ沢,3,神奈川,東部,横浜川崎,横浜市,200m未満,40,三ツ沢(道),,ﾐﾂｻﾞﾜ,,,,,,,,,,,,,35.47527778,139.6036111
411,,富岡東,3,神奈川,東部,横浜川崎,横浜市,200m未満,0,富岡東(道),,ﾄﾐｵｶﾋｶﾞｼ,,,,,,,,,,,,,35.37694444,139.6405556
412,,小渕,3,神奈川,西部,相模原,相模原市,200m未満,190,小渕(道),,ｵﾌﾞﾁ,,,,,,,,,,,,,35.61333333,139.1616667
413,,厚木,3,神奈川,西部,県央,厚木市,200m未満,20,厚木(道),,ｱﾂｷﾞ,,,,,,,,,,,,,35.43972222,139.355
414,,川西,3,神奈川,西部,足柄上,山北町,200m以上,220,透間(道),,ｽｷﾏ,,,,,,,,,,,,,35.35972222,139.0127778
415,,小田原,3,神奈川,西部,西湘,小田原市,200m未満,10,小田原(道),,ｵﾀﾞﾜﾗ,,,,,,,,,,,,,35.27944444,139.2072222
416,,箱根,3,神奈川,西部,西湘,箱根町,200m以上,850,箱根峠(道),,ﾊｺﾈﾄｳｹﾞ,,,,,,,,,,,,,35.18305556,139.0144444
417,,48156,1,長野,北部,長野地域,長野市,200m以上,420,長野,,ﾅｶﾞﾉ,,,,,,,,,,,148925,148156,36.66261,138.192298
418,,48061,1,長野,北部,長野地域,信濃町,200m以上,690,信濃町,,ｼﾅﾉﾏﾁ,,,,,,,,,,,148905,148061,36.809946,138.198274
419,30141,14,3,長野,北部,長野地域,信濃町,200m以上,680,野尻(道),,ﾉｼﾞﾘ,,,,,,,,,,,348002,,36.829412,138.20163
420,30142,9,3,長野,北部,長野地域,信濃町,200m以上,680,古間(道),,ﾌﾙﾏ,,,,,,,,,,,,,36.791338,138.217734
421,30143,10,3,長野,北部,長野地域,飯綱町,200m以上,560,牟礼(道),,ﾑﾚ,,,,,,,,,,,,,36.757221,138.222363
422,30144,8,3,長野,北部,長野地域,長野市,200m以上,400,川谷(道),,ｶﾜﾀﾆ,,,,,,,,,,,348003,,36.732986,138.275444
423,30145,22,3,長野,北部,長野地域,長野市,200m以上,350,長野(道),,ﾅｶﾞﾉ,,,,,,,,,,,348004,,36.631789,138.205556
424,30146,34,3,長野,北部,長野地域,千曲市,200m以上,360,屋代(道),,ﾔｼﾛ,,,,,,,,,,,,,36.542601,138.123921
425,30147,32,3,長野,北部,長野地域,坂城町,200m以上,400,坂城(道),,ｻｶｷ,,,,,,,,,,,,,36.454392,138.18692
426,30148,21,3,長野,北部,長野地域,長野市,200m以上,390,瀬脇(道),,ｾﾜｷ,,,,,,,,,,,347007,,36.617715,138.091021
427,30149,4,3,長野,北部,長野地域,長野市,200m以上,430,信州新町(道),,ｼﾝｼｭｳｼﾝﾏﾁ,,,,,,,,,,,348009,,36.569196,138.007357
428,,48066,1,長野,北部,中野飯山地域,飯山市,200m以上,310,飯山,,ｲｲﾔﾏ,,,,,,,,,,,148910,148066,36.875119,138.376196
429,,48031,1,長野,北部,中野飯山地域,野沢温泉村,200m以上,580,野沢温泉,,ﾉｻﾞﾜｵﾝｾﾝ,,,,,,,,,,,148900,148031,36.912487,138.443133
430,,48191,1,長野,北部,大北地域,大町市,200m以上,780,大町,,ｵｵﾏﾁ,,,,,,,,,,,148930,148191,36.523437,137.833386
431,30150,5,3,長野,北部,大北地域,大町市,200m以上,460,野平(道),,ﾉﾀﾞｲﾗ,,,,,,,,,,,348011,,36.500943,137.949282
432,,48141,1,長野,北部,大北地域,白馬村,200m以上,700,白馬,,ﾊｸﾊﾞ,,,,,,,,,,,148920,148141,36.698374,137.863213
433,,48097,1,長野,北部,大北地域,小谷村,200m以上,550,小谷,,ｵﾀﾘ,,,,,,,,,,,148915,148097,36.821971,137.931351
434,30151,23,3,長野,中部,上田地域,上田市,200m以上,470,上田(道),,ｳｴﾀﾞ,,,,,,,,,,,348005,,36.38929,138.265868
435,,48216,1,長野,中部,上田地域,上田市,200m以上,1250,菅平,,ｽｶﾞﾀﾞｲﾗ,,,,,,,,,,,148935,148216,36.53273,138.325008
436,,48331,1,長野,中部,佐久地域,軽井沢町,200m以上,1000,軽井沢,,ｶﾙｲｻﾞﾜ,,,,,,,,,,,148938,148331,36.341872,138.547165
437,30152,7,3,長野,中部,佐久地域,軽井沢町,200m以上,880,軽井沢(道),,ｶﾙｲｻﾞﾜ,,,,,,,,,,,348006,,36.328321,138.51423
438,30153,6:01,3,長野,中部,佐久地域,佐久市,200m以上,650,佐久南気象観測局(道),,ｻｸﾐﾅﾐｷｼｮｳｶﾝｿｸｷｮｸ,,,,,,,,,,,,,36.242149,138.442315
439,30154,6,3,長野,中部,松本地域,生坂村,200m以上,500,生坂(道),,ｲｸｻｶ,,,,,,,,,,,348013,,36.425668,137.944314
440,,48361,1,長野,中部,松本地域,松本市,200m以上,610,松本,,ﾏﾂﾓﾄ,,,,,,,,,,,148936,148361,36.246739,137.970506
441,30155,25,3,長野,中部,松本地域,松本市,200m以上,600,松本(道),,ﾏﾂﾓﾄ,,,,,,,,,,,348014,,36.207126,137.963256
442,30156,12,3,長野,中部,松本地域,塩尻市,200m以上,870,柿沢(道),,ｶｷｻﾞﾜ,,,,,,,,,,,,,36.100244,138.00114
443,30157,3,3,長野,中部,諏訪地域,岡谷市,200m以上,990,間下(道),,ﾏｼﾀ,,,,,,,,,,,,,36.083022,138.030408
444,30158,24,3,長野,中部,諏訪地域,岡谷市,200m以上,820,岡谷(道),,ｵｶﾔ,,,,,,,,,,,348015,,36.081318,138.053201
445,,48491,1,長野,中部,諏訪地域,諏訪市,200m以上,760,諏訪,,ｽﾜ,,,,,,,,,,,148937,148491,36.046249,138.109777
446,30159,38,3,長野,中部,諏訪地域,茅野市,200m以上,850,坂室(道),,ｻｶﾑﾛ,,,,,,,,,,,,,35.972983,138.171374
447,30160,33,3,長野,中部,諏訪地域,茅野市,200m以上,760,新井(道),,ｱﾗｲ,,,,,,,,,,,,,35.999904,138.13518
448,30161,2,3,長野,中部,諏訪地域,富士見町,200m以上,940,富士見久保(道),,ﾌｼﾞﾐｸﾎﾞ,,,,,,,,,,,,,35.918715,138.223774
449,30162,31,3,長野,中部,諏訪地域,富士見町,200m以上,720,下蔦木(道),,ｼﾓﾂﾀｷ,,,,,,,,,,,,,35.864352,138.275669
450,,48531,1,長野,南部,木曽地域,木曽町,200m以上,1140,開田高原,,ｶｲﾀﾞｺｳｹﾞﾝ,,,,,,,,,,,148940,148531,35.938679,137.602362
451,,48767,1,長野,南部,飯田地域,飯田市,200m以上,520,飯田,,ｲｲﾀﾞ,,,,,,,,,,,148945,148767,35.523198,137.822411
452,,上教来石地,3,山梨,中西部,中北地域,北杜市,200m以上,700,上教来石地(道),,ｶﾐｷｮｳﾗｲｼ,,,,,,,,,,,,,35.85763056,138.2852444
453,,平野,3,山梨,東部富士五湖,富士五湖,山中湖村,200m以上,990,平野(道),,ﾋﾗﾉ,,,,,,,,,,,,,35.40955278,138.8626694
454,,梨ケ原,3,山梨,東部富士五湖,富士五湖,山中湖村,200m以上,980,梨ケ原(道),,ﾅｼｶﾞﾊﾗ,,,,,,,,,,,,,35.44555556,138.8237889
455,,本栖,3,山梨,東部富士五湖,富士五湖,富士河口湖町,200m以上,960,本栖(道),,ﾓﾄｽ,,,,,,,,,,,,,35.45380833,138.6091694
456,,西湖,3,山梨,東部富士五湖,富士五湖,富士河口湖町,200m以上,1000,西湖(道),,ｻｲｺ,,,,,,,,,,,,,35.47722222,138.6631944
457,,勝山,3,山梨,東部富士五湖,富士五湖,富士河口湖町,200m以上,910,勝山(道),,ｶﾂﾔﾏ,,,,,,,,,,,,,35.48876389,138.7388222
458,,31312,1,青森,津軽,東青津軽,青森市,150m未満,-,青森,,ｱｵﾓﾘ,12,15,12,35,,,,,100,,131913,131312,40.823952,140.77526
459,,青森,100,青森,津軽,東青津軽,青森市,150m未満,-,青森(原),,ｱｵﾓﾘ,12,15,12,35,,,,,,,,,40.831052,140.791333
460,,yukijyoho.cgi/B04,10,青森,津軽,東青津軽,青森市,150m未満,-,浪岡(県),,ﾅﾐｵｶ,12,15,12,35,,,,,120,,,,40.711051,140.594915
461,,yukijyoho.cgi/A13,10,青森,津軽,東青津軽,青森市,150m未満,-,内真部(県),,ｳﾁﾏﾝﾍﾞ,12,15,12,35,,,,,110,,,,40.904538,140.673525
462,,31386,1,青森,津軽,東青津軽,青森市,150m以上,-,青森大谷,,ｱｵﾓﾘｵｵﾀﾆ,12,25,12,50,,,,,,,131965,131386,40.73333,140.6883
463,,yukijyoho.cgi/A02,10,青森,津軽,東青津軽,青森市,150m未満,-,横内(県),,ﾖｺｳﾁ,12,15,12,35,,,,,125,,,,40.770075,140.7693
464,,31482,1,青森,津軽,東青津軽,青森市,150m以上,-,酸ケ湯,,ｽｶﾕ,12,25,12,50,,,,,407,,131925,131482,40.650435,140.850923
465,,yukijyoho.cgi/A23,10,青森,津軽,東青津軽,青森市,150m以上,-,滝沢(県),,ﾀｷｻﾞﾜ,12,25,12,50,,,,,,,,,40.827432,140.856296
466,,yukijyoho.cgi/A11,10,青森,津軽,東青津軽,青森市,150m以上,-,田代平(県),,ﾀｼﾛﾀｲ,12,25,12,50,,,,,210,,,,40.675155,140.938874
467,,yukijyoho.cgi/A06,10,青森,津軽,東青津軽,平内町,150m未満,-,平内(県),,ﾋﾗﾅｲ,12,15,12,35,,,,,75,,,,40.917072,140.918262
468,,31136,1,青森,津軽,東青津軽,今別町,150m未満,-,今別,,ｲﾏﾍﾞﾂ,12,15,12,35,,,,,95,,131905,131136,41.179113,140.489787
469,,yukijyoho4.cgi/A03,10,青森,津軽,東青津軽,外ヶ浜町,150m未満,-,蟹田(県),,ｶﾆﾀ,12,15,12,35,,,,,85,,,,41.048444,140.631226
470,,31296,1,青森,津軽,北五津軽,五所川原市,150m未満,-,五所川原,,ｺﾞｼｮｶﾞﾜﾗ,12,15,12,35,,,,,110,,131910,131296,40.805958,140.458266
471,,yukijyoho.cgi/D05,10,青森,津軽,北五津軽,五所川原市,150m未満,-,金木(県),,ｶﾅｷﾞ,12,15,12,35,,,,,100,,,,40.885052,140.458605
472,,yukijyoho.cgi/D02,10,青森,津軽,北五津軽,五所川原市,150m未満,-,前田野目(県),,ﾏｴﾀﾞﾉﾒ,12,15,12,35,,,,,140,,,,40.763184,140.554124
473,,yukijyoho.cgi/D03,10,青森,津軽,北五津軽,板柳町,150m未満,-,板柳(県),,ｲﾀﾔﾅｷﾞ,12,15,12,35,,,,,105,,,,40.697029,140.459171
474,,yukijyoho.cgi/D07,10,青森,津軽,北五津軽,中泊町,150m未満,-,小泊(県),,ｺﾄﾞﾏﾘ,12,15,12,35,,,,,75,,,,41.130525,140.304864
475,,yukijyoho.cgi/D06,10,青森,津軽,北五津軽,中泊町,150m未満,-,今泉(県),,ｲﾏｲｽﾞﾐ,12,15,12,35,,,,,70,,,,41.030054,140.420002
476,,yukijyoho.cgi/D08,10,青森,津軽,北五津軽,中泊町,150m未満,-,今泉山(県),,ｲﾏｲｽﾞﾐｻﾝ,12,15,12,35,,,,,120,,,,41.027852,140.420841
477,,yukijyoho.cgi/G08,10,青森,津軽,西津軽,つがる市,150m未満,-,林(県),,ﾊﾔｼ,12,15,12,35,,,,,50,,,,40.84247,140.349924
478,,yukijyoho.cgi/G04,10,青森,津軽,西津軽,つがる市,150m未満,-,車力(県),,ｼｬﾘｷ,12,15,12,35,,,,,65,,,,40.946266,140.352414
479,,31366,1,青森,津軽,西津軽,鰺ヶ沢町,150m未満,-,鰺ケ沢,,ｱｼﾞｶﾞｻﾜ,12,15,12,35,,,,,67,,131945,131366,40.777496,140.20482
480,,yukijyoho.cgi/G09,10,青森,津軽,西津軽,鰺ヶ沢町,150m以上,-,第二松代(県),,ﾀﾞｲﾆﾏﾂｼﾛ,12,25,12,50,,,,,235,,,,40.676722,140.221763
481,,31436,1,青森,津軽,西津軽,深浦町,150m未満,-,深浦,,ﾌｶｳﾗ,12,15,12,35,,,,,50,,131923,131436,40.640965,139.925228
482,,yukijyoho.cgi/G07,10,青森,津軽,西津軽,深浦町,150m未満,-,岩崎(県),,ｲﾜｻｷ,12,15,12,35,,,,,50,,,,40.574647,139.931319
483,,yukijyoho.cgi/G06,10,青森,津軽,西津軽,深浦町,150m未満,-,関(県),,ｾｷ,12,15,12,35,,,,,55,,,,40.742934,140.106928
484,,31461,1,青森,津軽,中南津軽,弘前市,150m未満,-,弘前,,ﾋﾛｻｷ,12,15,12,35,,,,,90,,131920,131461,40.612303,140.457974
485,,yukijyoho.cgi/B16,10,青森,津軽,中南津軽,弘前市,150m以上,-,大石(県),,ｵｵｲｼ,12,25,12,50,,,,,125,,,,40.747608,140.335575
486,,yukijyoho.cgi/B06,10,青森,津軽,中南津軽,弘前市,150m以上,-,百沢(県),,ﾓﾓｻﾞﾜ,12,25,12,50,,,,,155,,,,40.61771,140.341023
487,,yukijyoho4.cgi/B03,10,青森,津軽,中南津軽,黒石市,150m未満,-,黒石(県),,ｸﾛｲｼ,12,15,12,35,,,,,100,,,,40.663579,140.596622
488,,yukijyoho.cgi/B14,10,青森,津軽,中南津軽,黒石市,150m以上,-,大川原(県),,ｵｵｶﾜﾗ,12,25,12,50,,,,,175,,,,40.634053,140.715367
489,,yukijyoho.cgi/B13,10,青森,津軽,中南津軽,黒石市,150m以上,-,沖揚平(県),,ｵｷｱｹﾞﾀｲ,12,25,12,50,,,,,325,,,,40.642904,140.799751
490,,yukijyoho.cgi/B10,10,青森,津軽,中南津軽,平川市,150m未満,-,平賀(県),,ﾋﾗｶﾞ,12,15,12,35,,,,,80,,,,40.58736,140.567536
491,,31646,1,青森,津軽,中南津軽,平川市,150m未満,-,碇ケ関,,ｲｶﾘｶﾞｾｷ,12,15,12,35,,,,,97,,131935,131646,40.483632,140.623015
492,,yukijyoho.cgi/B05,10,青森,津軽,中南津軽,平川市,150m以上,-,温川(県),,ﾇﾙｶﾜ,12,25,12,50,,,,,255,,,,40.51583,140.783569
493,,yukijyoho.cgi/B18,10,青森,津軽,中南津軽,西目屋村,150m未満,-,田代(県),,ﾀｼﾛ,12,15,12,35,,,,,,,,,40.57703,140.295485
494,,yukijyoho.cgi/B02,10,青森,津軽,中南津軽,大鰐町,150m未満,-,大鰐(県),,ｵｵﾜﾆ,12,15,12,35,,,,,75,,,,40.516354,140.563511
495,,31111,1,青森,下北,下北,むつ市,150m未満,-,むつ,,ﾑﾂ,12,15,12,35,,,,,80,,131903,131111,41.278945,141.205669
496,,31156,1,青森,下北,下北,むつ市,150m未満,-,脇野沢,,ﾜｷﾉｻﾜ,12,15,12,35,,,,,80,,131940,131156,41.144644,140.819726
497,,yukijyoho.cgi/F13,10,青森,下北,下北,むつ市,150m以上,-,川内野平(県),,ｶﾜｳﾁﾉﾀｲ,12,25,12,50,,,,,140,,,,41.27381,140.852246
498,,yukijyoho.cgi/F10,10,青森,下北,下北,むつ市,150m未満,-,畑(県),,ﾊﾀｹ,12,15,12,35,,,,,130,,,,41.297254,140.959697
499,,yukijyoho.cgi/F06,10,青森,下北,下北,むつ市,150m未満,-,川内(県),,ｶﾜｳﾁ,12,15,12,35,,,,,90,,,,41.207344,141.001027
500,,yukijyoho.cgi/F16,10,青森,下北,下北,むつ市,150m未満,-,薬研(県),,ﾔｹﾞﾝ,12,15,12,35,,,,,140,,,,41.382082,141.069908
501,,桜木町,100,青森,下北,下北,むつ市,150m未満,-,桜木町(原),,ｻｸﾗｷﾞﾁｮｳ,12,15,12,35,,,,,,,,,41.254665,141.133937
502,,yukijyoho.cgi/F04,10,青森,下北,下北,むつ市,150m未満,-,大畑(県),,ｵｵﾊﾀ,12,15,12,35,,,,,70,,,,41.405486,141.158591
503,,関根,100,青森,下北,下北,むつ市,150m未満,-,関根(原),,ｾｷﾈ,12,15,12,35,,,,,,,,,41.357976,141.205014
504,,小川町,100,青森,下北,下北,むつ市,150m未満,-,小川町(原),,ｵｶﾞﾜﾏﾁ,12,15,12,35,,,,,,,,,41.293963,141.208721
505,,近川,100,青森,下北,下北,むつ市,150m未満,-,近川(原),,ﾁｶｶﾞﾜ,12,15,12,35,,,,,65,,,,41.198255,141.27867
506,,31001,1,青森,下北,下北,大間町,150m未満,-,大間,,ｵｵﾏ,12,15,12,35,,,,,50,,131900,131001,41.527095,140.912355
507,,砂子又,100,青森,下北,下北,東通村,150m未満,-,砂子又(原),,ｽﾅｺﾞﾏﾀ,12,15,12,35,,,,,,,,,41.280448,141.329305
508,,古野牛川,100,青森,下北,下北,東通村,150m未満,-,古野牛川(原),,ﾖｼﾉｳｼｶﾞﾜ,12,15,12,35,,,,,,,,,41.356961,141.351617
509,,老部,100,青森,下北,下北,東通村,150m未満,-,老部(原),,ｵｲｯﾍﾟ,12,15,12,35,,,,,,,,,41.157193,141.384998
510,,yukijyoho.cgi/F09,10,青森,下北,下北,東通村,150m未満,-,老部(県),,ｵｲｯﾍﾟ,12,15,12,35,,,,,55,,,,41.159338,141.387218
511,,小田野沢,100,青森,下北,下北,東通村,150m未満,-,小田野沢(原),,ｵﾀﾞﾉｻﾜ,12,15,12,35,,,,,,,,,41.226612,141.397197
512,,yukijyoho.cgi/F14,10,青森,下北,下北,東通村,150m未満,-,尻労(県),,ｼｯｶﾘ,12,15,12,35,,,,,50,,,,41.341074,141.418042
513,,尻労,100,青森,下北,下北,東通村,150m未満,-,尻労(原),,ｼｯｶﾘ,12,15,12,35,,,,,,,,,41.37076,141.444786
514,,yukijyoho.cgi/F12,10,青森,下北,下北,風間浦村,150m未満,-,風間浦(県),,ｶｻﾞﾏｳﾗ,12,15,12,35,,,,,60,,,,41.485461,140.993082
515,,yukijyoho.cgi/F02,10,青森,下北,下北,佐井村,150m未満,-,佐井(県),,ｻｲ,12,15,12,35,,,,,50,,,,41.430925,140.868384
516,,31602,1,青森,三八上北,三八,八戸市,150m未満,-,八戸,,ﾊﾁﾉﾍ,12,15,12,35,,,,,50,,131953,131602,40.526718,141.523705
517,,yukijyoho.cgi/C01,10,青森,三八上北,三八,八戸市,150m未満,-,八戸(県),,ﾊﾁﾉﾍ,12,15,12,35,,,,,50,,,,40.516009,141.407437
518,,yukijyoho.cgi/C04,10,青森,三八上北,三八,八戸市,150m以上,-,市野沢(県),,ｼﾉｻﾜ,12,20,12,40,,,,,55,,,,40.40442,141.434544
519,,yukijyoho.cgi/E07,10,青森,三八上北,三八,三沢市,150m未満,-,根井(県),,ﾈｲ,12,15,12,35,,,,,50,,,,40.746516,141.382819
520,,yukijyoho.cgi/E12,10,青森,三八上北,三八,六戸町,150m未満,-,六戸(県),,ﾛｸﾉﾍ,12,15,12,35,,,,,50,,,,40.609765,141.326688
521,,yukijyoho4.cgi/E11,10,青森,三八上北,三八,おいらせ町,150m未満,-,木ノ下(県),,ｷﾉｼﾀ,12,15,12,35,,,,,50,,,,40.647031,141.370163
522,,31721,1,青森,三八上北,三八,三戸町,150m未満,-,三戸,,ｻﾝﾉﾍ,12,15,12,35,,,,,59,,131955,131721,40.385877,141.253773
523,,yukijyoho.cgi/C06,10,青森,三八上北,三八,五戸町,150m未満,-,五戸(県),,ｺﾞﾉﾍ,12,15,12,35,,,,,55,,,,40.509747,141.315581
524,,yukijyoho.cgi/C03,10,青森,三八上北,三八,田子町,150m以上,-,夏坂(県),,ﾅﾂｻﾞｶ,12,20,12,40,,,,,110,,,,40.29747,141.01014
525,,yukijyoho.cgi/C08,10,青森,三八上北,三八,田子町,150m未満,-,田子(県),,ﾀｯｺ,12,15,12,35,,,,,70,,,,40.341066,141.15603
526,,yukijyoho.cgi/C02,10,青森,三八上北,三八,階上町,150m未満,-,階上(県),,ﾊｼｶﾐ,12,15,12,35,,,,,55,,,,40.452516,141.62304
527,,yukijyoho.cgi/C05,10,青森,三八上北,三八,新郷村,150m以上,-,金ヶ沢(県),,ｶﾈｶﾞｻﾜ,12,20,12,40,,,,,80,,,,40.468026,141.174069
528,,31586,1,青森,三八上北,上北,十和田市,150m未満,-,十和田,,ﾄﾜﾀﾞ,12,15,12,35,,,,,54,,131950,131586,40.591942,141.235796
529,,yukijyoho4.cgi/E14,10,青森,三八上北,上北,十和田市,150m以上,-,宇樽部(県),,ｳﾀﾙﾍﾞ,12,25,12,50,,,,,135,,,,40.478599,140.939904
530,,yukijyoho.cgi/E15,10,青森,三八上北,上北,十和田市,150m以上,-,焼山(県),,ﾔｹﾔﾏ,12,25,12,50,,,,,105,,,,40.578236,140.994451
531,,yukijyoho.cgi/E13,10,青森,三八上北,上北,十和田市,150m未満,-,平山(県),,ﾋﾗﾔﾏ,12,15,12,35,,,,,75,,,,40.53407,141.168045
532,,31332,1,青森,三八上北,上北,野辺地町,150m未満,-,野辺地,,ﾉﾍｼﾞ,12,15,12,35,,,,,100,,131916,131332,40.885615,141.168197
533,,yukijyoho.cgi/E22,10,青森,三八上北,上北,七戸町,150m以上,-,天間館(県),,ﾃﾝﾊﾞﾀﾞﾃ,12,25,12,50,,,,,,,,,40.769507,141.144585
534,,yukijyoho.cgi/E17,10,青森,三八上北,上北,七戸町,150m未満,-,七戸(県),,ｼﾁﾉﾍ,12,15,12,35,,,,,85,,,,40.701099,141.157659
535,,yukijyoho.cgi/E02,10,青森,三八上北,上北,横浜町,150m未満,-,横浜(県),,ﾖｺﾊﾏ,12,15,12,35,,,,,85,,,,40.996119,141.232366
536,,吹越,100,青森,三八上北,上北,横浜町,150m未満,-,吹越(原),,ﾌｯｺｼ,12,15,12,35,,,,,,,,,41.028565,141.246465
537,,林ノ脇,100,青森,三八上北,上北,横浜町,150m未満,-,林ノ脇(原),,ﾊﾔｼﾉﾜｷ,12,15,12,35,,,,,,,,,41.084219,141.25582
538,,yukijyoho.cgi/E09,10,青森,三八上北,上北,東北町,150m未満,-,乙供(県),,ｵﾂﾄﾓ,12,15,12,35,,,,,80,,,,40.780272,141.224317
539,,yukijyoho4.cgi/E06,10,青森,三八上北,上北,東北町,150m未満,-,水喰(県),,ﾐｽﾞﾊﾐ,12,15,12,35,,,,,95,,,,40.826873,141.271341
540,,千歳平,100,青森,三八上北,上北,六ヶ所村,150m未満,-,千歳平(原),,ﾁﾄｾﾀｲ,12,15,12,35,,,,,,,,,40.887314,141.285026
541,,室ノ久保,100,青森,三八上北,上北,六ヶ所村,150m未満,-,室ノ久保(原),,ｼﾂﾉｸﾎﾞ,12,15,12,35,,,,,,,,,40.939921,141.290696
542,,二又,100,青森,三八上北,上北,六ヶ所村,150m未満,-,二又(原),,ﾌﾀﾏﾀ,12,15,12,35,,,,,,,,,40.987793,141.303823
543,,平沼,100,青森,三八上北,上北,六ヶ所村,150m未満,-,平沼(原),,ﾋﾗﾇﾏ,12,15,12,35,,,,,,,,,40.879005,141.367588
544,,yukijyoho.cgi/E03,10,青森,三八上北,上北,六ヶ所村,150m未満,-,尾駮(県),,ｵﾌﾞﾁ,12,15,12,35,,,,,90,,,,40.965005,141.374944
545,,尾駮,100,青森,三八上北,上北,六ヶ所村,150m未満,-,尾駮(原),,ｵﾌﾞﾁ,12,15,12,35,,,,,,,,,40.965005,141.374944
546,,老部川,100,青森,三八上北,上北,六ヶ所村,150m未満,-,老部川(原),,ｵｲｯﾍﾟｶﾞﾜ,12,15,12,35,,,,,,,,,40.965005,141.374944
547,,泊,100,青森,三八上北,上北,六ヶ所村,150m未満,-,泊(原),,ﾄﾏﾘ,12,15,12,35,,,,,,,,,41.088993,141.39011
548,,33421,1,岩手,内陸,盛岡,雫石町,山沿い,195,雫石,,ｼｽﾞｸｲｼ,12,20,12,50,,,,,,,133925,133421,39.69666667,140.975
549,,33431,1,岩手,内陸,盛岡,盛岡市,平野部,155,盛岡,,ﾓﾘｵｶ,12,15,12,40,,,,,,,133927,133431,39.69833333,141.165
550,,MjAxNy0xNC0xMDQ=,10,岩手,内陸,盛岡,雫石町,（山）,-,網張(県),,ｱﾐﾊﾘ,12,20,12,50,,,,,,,,,39.81083333,140.9666667
551,,MjAxNy0xNC0xMDU=,10,岩手,内陸,盛岡,雫石町,（山）,-,大村(県),,ｵｵﾑﾗ,12,20,12,50,,,,,,,,,39.57805556,140.915
552,,MjAxNy0xNC0xMDc=,10,岩手,内陸,盛岡,盛岡市,（山）,-,岩洞(県),,ｶﾞﾝﾄﾞｳ,12,20,12,50,,,,,,,,,39.82194444,141.3794444
553,,MjAxNy0xNC0xMTA=,10,岩手,内陸,盛岡,矢巾町,（平）,-,徳田(県),,ﾄｸﾀ,12,15,12,40,,,,,,,,,39.61,141.1802778
554,,33226,1,岩手,内陸,盛岡,八幡平市,山沿い,275,岩手松尾,,ｲﾜﾃﾏﾂｵ,12,20,12,50,,,,,,,133910,133226,39.95166667,141.065
555,,33186,1,岩手,内陸,盛岡,葛巻町,山沿い,418,葛巻,,ｸｽﾞﾏｷ,12,20,12,50,,,,,,,133920,133186,40.03833333,141.4366667
556,,MjAxNy0xNC0xMDA=,10,岩手,内陸,盛岡,八幡平市,（山）,-,田山(県),,ﾀﾔﾏ,12,20,12,50,,,,,,,,,40.12638889,140.9191667
557,,MjAxNy0xNC0xMDE=,10,岩手,内陸,盛岡,八幡平市,（山）,-,荒屋新町(県),,ｱﾗﾔｼﾝﾏﾁ,12,20,12,50,,,,,,,,,40.1075,141.0552778
558,,MjAxNy0xNC0xMDI=,10,岩手,内陸,盛岡,八幡平市,（山）,-,竜ヶ森(県),,ﾘｭｳｶﾞﾓﾘ,12,20,12,50,,,,,,,,,40.00416667,140.9966667
559,,MjAxNy0xNC0xMDM=,10,岩手,内陸,盛岡,八幡平市,（山）,-,柏台(県),,ｶｼﾜﾀﾞｲ,12,20,12,50,,,,,,,,,39.91916667,140.9791667
560,,MjAxNy0xNC0xMDg=,10,岩手,内陸,盛岡,葛巻町,（山）,-,元木(県),,ﾓﾄｷ,12,20,12,50,,,,,,,,,39.98166667,141.3433333
561,,MjAxNy0xNC0xMDk=,10,岩手,内陸,盛岡,葛巻町,（山）,-,田部(県),,ﾀﾍﾞ,12,20,12,50,,,,,,,,,40.11861111,141.3433333
562,,33071,1,岩手,内陸,二戸,二戸市,平野部,87,二戸,,ﾆﾉﾍ,12,15,12,40,,,,,,,133905,133071,40.29666667,141.2983333
563,,33176,1,岩手,内陸,二戸,一戸町,山沿い,430,奥中山,,ｵｸﾅｶﾔﾏ,12,20,12,50,,,,,,,133915,133176,40.06,141.225
564,,MjAxNy0xMi0xMDA=,10,岩手,内陸,二戸,軽米町,（山）,-,軽米(県),,ｶﾙﾏｲ,12,20,12,50,,,,,,,,,40.33593889,141.4555139
565,,MjAxNy0xMi0xMDE=,10,岩手,内陸,二戸,軽米町,（山）,-,大道口(県),,ﾀﾞｲﾄﾞｳｸﾞﾁ,12,20,12,50,,,,,,,,,40.345275,141.5630306
566,,MjAxNy0xMi0xMDI=,10,岩手,内陸,二戸,九戸村,（山）,-,伊保内(県),,ｲﾎﾞﾅｲ,12,20,12,50,,,,,,,,,40.22231389,141.4183833
567,,MjAxNy0xMi0xMDM=,10,岩手,内陸,二戸,二戸市,（山）,-,上野(岩手県),,ｳｴﾉ,12,20,12,50,,,,,,,,,40.27260556,141.1803222
568,,MjAxNy0xMi0xMDQ=,10,岩手,内陸,二戸,二戸市,（山）,-,浄法寺(県),,ｼﾞｮｳﾎﾞｳｼﾞ,12,20,12,50,,,,,,,,,40.17653333,141.1409944
569,,MjAxNy0yLTEwMA==,10,岩手,内陸,花北,花巻市,（山）,-,鉛(県),,ﾅﾏﾘ,12,25,12,50,,,,,,,,,39.44454167,141.006025
570,,MjAxNy0yLTEwMQ==,10,岩手,内陸,花北,花巻市,（平）,-,花巻(県),,ﾊﾅﾏｷ,12,15,12,40,,,,,,,,,39.41938056,141.1310222
571,,MjAxNy0yLTEwMg==,10,岩手,内陸,花北,花巻市,（平）,-,土沢(県),,ﾂﾁｻﾞﾜ,12,15,12,40,,,,,,,,,39.47029167,141.2786194
572,,MjAxNy0yLTEwMw==,10,岩手,内陸,花北,花巻市,（平）,-,大迫(県),,ｵｵﾊｻﾏ,12,15,12,40,,,,,,,,,39.38235278,141.2223806
573,,33631,1,岩手,内陸,花北,西和賀町,山沿い,250,湯田,,ﾕﾀﾞ,12,25,12,50,,,,,,,133935,133631,39.31,140.7766667
574,,33716,1,岩手,内陸,花北,北上市,平野部,61,北上,,ｷﾀｶﾐ,12,15,12,40,,,,,,,133940,133716,39.28833333,141.11
575,,MjAxMi0zLTEwMA==,10,岩手,内陸,花北,西和賀町,（山）,-,川舟(県),,ｶﾜﾌﾈ,12,25,12,50,,,,,,,,,39.48780556,140.8067222
576,,MjAxMi0zLTEwMQ==,10,岩手,内陸,花北,西和賀町,（山）,-,太田(県),,ｵｵﾀ,12,25,12,50,,,,,,,,,39.41891667,140.7465556
577,,MjAxMi0zLTEwMg==,10,岩手,内陸,花北,西和賀町,（山）,-,巣郷(県),,ｽｺﾞｳ,12,25,12,50,,,,,,,,,39.2748,140.7186667
578,,MjAxMi0zLTEwNA==,10,岩手,内陸,花北,北上市,（山）,-,和賀仙人(県),,ﾜｶﾞｾﾝﾆﾝ,12,25,12,50,,,,,,,,,39.30925278,140.9104889
579,,MjAxMi0zLTEwNQ==,10,岩手,内陸,花北,北上市,（平）,-,藤根(県),,ﾌｼﾞﾈ,12,15,12,40,,,,,,,,,39.305,141.0304861
580,,33671,1,岩手,内陸,遠野,遠野市,山沿い,275,遠野,,ﾄｵﾉ,12,15,12,40,,,,,,,133930,133671,39.33666667,141.5383333
581,,MjAxNy04LTEwMA==,10,岩手,内陸,遠野,遠野市,（山）,-,馬越(県),,ﾏｺﾞｼ,12,15,12,40,,,,,,,,,39.418325,141.4358278
582,,MjAxNy04LTEwMQ==,10,岩手,内陸,遠野,遠野市,（山）,-,笛吹(県),,ﾌｴﾌｷ,12,15,12,40,,,,,,,,,39.34014444,141.6602528
583,,MjAxNy04LTEwMg==,10,岩手,内陸,遠野,遠野市,（山）,-,足ヶ瀬(県),,ｱｼｶﾞｾ,12,15,12,40,,,,,,,,,39.25632222,141.6453139
584,,MjAxNy04LTEwMw==,10,岩手,内陸,遠野,遠野市,（山）,-,荷沢(県),,ﾆｻﾞﾜ,12,15,12,40,,,,,,,,,39.21382222,141.4544694
585,,MjAxNy00LTEwMA==,10,岩手,内陸,奥州金ケ崎,奥州市,（平）,-,大手町(県),,ｵｵﾃﾏﾁ,12,15,12,40,,,,,,,,,39.15475,141.1567778
586,,MjAxNy00LTEwMQ==,10,岩手,内陸,奥州金ケ崎,奥州市,（平）,-,江刺(県),,ｴｻｼ,12,15,12,40,,,,,,,,,39.20211111,141.1883889
587,,MjAxNy00LTEwMg==,10,岩手,内陸,奥州金ケ崎,奥州市,（平）,-,衣川(県),,ｺﾛﾓｶﾞﾜ,12,15,12,40,,,,,,,,,39.03911944,141.0667639
588,,MjAxNy00LTEwMw==,10,岩手,内陸,奥州金ケ崎,金ケ崎町,（平）,-,六原(県),,ﾛｸﾊﾗ,12,15,12,40,,,,,,,,,39.23677778,141.0410556
589,,MjAxNy00LTEwNA==,10,岩手,内陸,奥州金ケ崎,奥州市,（山）,-,石淵(県),,ｲｼﾌﾞﾁ,12,25,12,50,,,,,,,,,39.12500556,140.9230556
590,,33831,1,岩手,内陸,両磐,一関市,山沿い,350,祭畤,,ﾏﾂﾙﾍﾞ,12,25,12,50,,,,,,,133945,133831,39.01,140.865
591,,33911,1,岩手,内陸,両磐,一関市,平野部,32,一関,,ｲﾁﾉｾｷ,12,15,12,40,,,,,,,133950,133911,38.93333333,141.125
592,,MjAxNy02LTEwMA==,10,岩手,内陸,両磐,一関市,（平）,-,千厩(県),,ｾﾝﾏﾔ,12,15,12,40,,,,,,,,,38.9075,141.3311111
593,,MjAxNy02LTEwMQ==,10,岩手,内陸,両磐,一関市,（山）,-,夏山(県),,ﾅﾂﾔﾏ,12,25,12,50,,,,,,,,,39.04194444,141.2394444
594,,MjAxNy02LTE1MA==,10,岩手,内陸,両磐,一関市,（山）,-,山滝(県),,ﾔﾏﾀｷ,12,25,12,50,,,,,,,,,39.08222222,141.2794444
595,,MjAxNy02LTE1MQ==,10,岩手,内陸,両磐,一関市,（山）,-,大原(県),,ｵｵﾊﾗ,12,25,12,50,,,,,,,,,39.01166667,141.4577778
596,,33146,1,岩手,沿岸北部,久慈,久慈市,平野部,13,久慈,,ｸｼﾞ,12,15,12,30,,,,,,,133960,133146,40.18833333,141.775
597,,MjAxNy0xMS0xMDA=,10,岩手,沿岸北部,久慈,久慈市,（山）,-,山根(県),,ﾔﾏﾈ,12,20,12,50,,,,,,,,,40.09875,141.7046944
598,,MjAxNy0xMS0xMDE=,10,岩手,沿岸北部,久慈,久慈市,（山）,-,平庭(県),,ﾋﾗﾆﾜ,12,20,12,50,,,,,,,,,40.13077778,141.5170278
599,,MjAxNS0xMS0xMDM=,10,岩手,沿岸北部,久慈,洋野町,（山）,-,大野(県),,ｵｵﾉ,12,20,12,50,,,,,,,,,40.322681,141.62635
600,,MjAxNS0xMS0xMDY=,10,岩手,沿岸北部,久慈,久慈市,（山）,-,岡堀(県),,ｵｶﾎﾞﾘ,12,20,12,50,,,,,,,,,40.2211534,141.5295553
601,,33472,1,岩手,沿岸北部,宮古,宮古市,平野部,43,宮古,,ﾐﾔｺ,12,15,12,30,,,,,,,133933,133472,39.64666667,141.965
602,,33441,1,岩手,沿岸北部,宮古,宮古市,山沿い,760,区界,,ｸｻﾞｶｲ,12,20,12,50,,,,,,,133955,133441,39.65,141.3533333
603,,MjAxNy0xMC0xMDA=,10,岩手,沿岸北部,宮古,宮古市,（山）,-,川井(県),,ｶﾜｲ,12,20,12,50,,,,,,,,,39.59583333,141.6752778
604,,MjAxNy0xMC0xMDE=,10,岩手,沿岸北部,宮古,宮古市,（山）,-,立丸峠(県),,ﾀﾂﾏﾙﾄｳｹﾞ,12,20,12,50,,,,,,,,,39.45972222,141.6786111
605,,MjAxNy0xMC0xMDI=,10,岩手,沿岸北部,宮古,宮古市,（山）,-,押角(県),,ｵｼｶﾄﾞ,12,20,12,50,,,,,,,,,39.70638889,141.7030556
606,,33326,1,岩手,沿岸北部,宮古,岩泉町,平野部,105,岩泉,,ｲﾜｲｽﾞﾐ,12,15,12,30,,,,,,,133965,133326,39.84666667,141.7966667
607,,MjAxNy0xNS0xMDA=,10,岩手,沿岸北部,宮古,岩泉町,（山）,-,元村(県),,ﾓﾄﾑﾗ,12,20,12,50,,,,,,,,,39.99416667,141.73525
608,,MjAxNy0xNS0xMDE=,10,岩手,沿岸北部,宮古,岩泉町,（山）,-,権現(県),,ｺﾞﾝｹﾞﾝ,12,20,12,50,,,,,,,,,39.86147222,141.55975
609,,MjAxNy0xNS0xMDI=,10,岩手,沿岸北部,宮古,岩泉町,（山）,-,国境(県),,ｸﾆｻﾞｶｲ,12,20,12,50,,,,,,,,,39.93,141.5658056
610,,MjAxNy0xNS0xMDM=,10,岩手,沿岸北部,宮古,岩泉町,（山）,-,釜津田(県),,ｶﾏﾂﾀ,12,20,12,50,,,,,,,,,39.79275,141.5884167
611,,MjAxNy05LTE1MA==,10,岩手,沿岸南部,釜石,釜石市,（山）,-,大橋(県),,ｵｵﾊｼ,12,20,12,50,,,,,,,,,39.28305556,141.7119444
612,,MjAxNy05LTE1MQ==,10,岩手,沿岸南部,釜石,大槌町,（山）,-,大貫台(県),,ｵｵｶﾞﾝﾀﾞｲ,12,20,12,50,,,,,,,,,39.47888889,141.7383333
613,,MjAxNy05LTE1Mg==,10,岩手,沿岸南部,釜石,釜石市,（平）,-,唐丹(県),,ﾄｳﾆ,12,15,12,30,,,,,,,,,39.19027778,141.8497222
614,,33877,1,岩手,沿岸南部,大船渡,大船渡市,平野部,37,大船渡,,ｵｵﾌﾅﾄ,12,15,12,30,,,,,,,133947,133877,39.06333333,141.7133333
615,,MjAxNy03LTEwMA==,10,岩手,沿岸南部,大船渡,住田町,（山）,-,赤羽根(県),,ｱｶﾊﾞﾈ,12,20,12,50,,,,,,,,,39.23694444,141.6036111
616,,MjAxNy03LTEwMQ==,10,岩手,沿岸南部,大船渡,住田町,（山）,-,上有住(県),,ｶﾐｱﾘｽ,12,20,12,50,,,,,,,,,39.19861111,141.6538889
617,,MjAxNy03LTEwMg==,10,岩手,沿岸南部,大船渡,住田町,（平）,-,世田米(県),,ｾﾀﾏｲ,12,15,12,30,,,,,,,,,39.1325,141.5805556
618,,MjAxNy03LTEwMw==,10,岩手,沿岸南部,大船渡,陸前高田市,（山）,-,矢作(県),,ﾔﾊｷﾞ,12,20,12,50,,,,,,,,,39.00583333,141.4880556
619,,MjAxNy03LTEwNA==,10,岩手,沿岸南部,大船渡,住田町,（山）,-,種山(県),,ﾀﾈﾔﾏ,12,20,12,50,,,,,,,,,39.15027778,141.5019444
620,,52041,1,岐阜,,,,,471,河合,,ｶﾜｲ,,,,,,,,,,,,,36.30500,137.10000
621,,52051,1,岐阜,,,,,455,神岡,,ｶﾐｵｶ,,,,,,,,,,,,,36.32167,137.30833
622,,52081,1,岐阜,,,,,478,白川,,ｼﾗｶﾜ,,,,,,,,,,,,,36.27333,136.89667
623,,52146,1,岐阜,,,,,560,高山,,ﾀｶﾔﾏ,,,,,,,,,,,,,36.15500,137.25333
624,,52221,1,岐阜,,,,,430,長滝,,ﾅｶﾞﾀｷ,,,,,,,,,,,,,35.92333,136.83167
625,,52381,1,岐阜,,,,,190,樽見,,ﾀﾙﾐ,,,,,,,,,,,,,35.63833,136.60167
626,,52571,1,岐阜,,,,,130,関ケ原,,ｾｷｶﾞﾊﾗ,,,,,,,,,,,,,35.36333,136.46667
627,,52586,1,岐阜,,,,,13,岐阜,,ｷﾞﾌ,,,,,,,,,,,,,35.40000,136.76167
628,,60026,1,滋賀,,,,,220,柳ヶ瀬,,ﾔﾅｶﾞｾ,,,,,,,,,,,,,35.58167,136.18833
629,,60051,1,滋賀,,,,,88,今津,,ｲﾏﾂﾞ,,,,,,,,,,,,,35.41167,136.02833
630,,60102,1,滋賀,,,,,147,米原,,ﾏｲﾊﾞﾗ,,,,,,,,,,,,,35.38333,136.34333
631,,60131,1,滋賀,,,,,87,彦根,,ﾋｺﾈ,,,,,,,,,,,,,35.27500,136.24333
632,,61031,1,京都,,,,,23,峰山,,ﾐﾈﾔﾏ,,,,,,,,,,,,,35.61833,135.07167
633,,61111,1,京都,,,,,2,舞鶴,,ﾏｲﾂﾞﾙ,,,,,,,,,,,,,35.45000,135.31667
634,,61206,1,京都,,,,,200,美山,,ﾐﾔﾏ,,,,,,,,,,,,,35.27500,135.55000
635,,61286,1,京都,,,,,41,京都,,ｷｮｳﾄ,,,,,,,,,,,,,35.01333,135.73167
